"","f__Thermaceae","f__Corynebacteriaceae","f__Bifidobacteriaceae","f__Coriobacteriaceae","k__Bacteria_p__Bacteroidetes_c__Bacteroidia_o__Bacteroidales_f__","f__[Odoribacteraceae]","f__Bacteroidaceae","f__Porphyromonadaceae","f__Prevotellaceae","f__Rikenellaceae","f__S24-7","k__Bacteria_p__Cyanobacteria_c__4C0d-2_o__YS2_f__","f__Deferribacteraceae","f__Bacillaceae","f__Planococcaceae","f__Staphylococcaceae","f__Aerococcaceae","f__Enterococcaceae","f__Lactobacillaceae","f__Leuconostocaceae","f__Streptococcaceae","f__Turicibacteraceae","k__Bacteria_p__Firmicutes_c__Clostridia_o__Clostridiales_f__","f__[Mogibacteriaceae]","f__Christensenellaceae","f__Clostridiaceae","f__Dehalobacteriaceae","f__Lachnospiraceae","f__Peptococcaceae","f__Peptostreptococcaceae","f__Ruminococcaceae","f__Erysipelotrichaceae","f__Caulobacteraceae","f__Sphingomonadaceae","f__Alcaligenaceae","f__Comamonadaceae","f__Rhodocyclaceae","f__Desulfovibrionaceae","f__Helicobacteraceae","f__Enterobacteriaceae","f__Pseudomonadaceae","f__Anaeroplasmataceae","f__Mycoplasmataceae","k__Bacteria_p__Tenericutes_c__Mollicutes_o__RF39_f__","f__F16","f__Verrucomicrobiaceae"
"10856.B6.IgAK.Feces.8w.NC.2.11",0,0,20,4,10,8,93,10,1420,120,1147,0,554,0,0,0,0,0,162,0,0,0,4728,4,1,2,39,731,0,3,923,29,0,0,225,0,0,240,2435,11,0,0,0,5,0,1
"10856.E27L.feces.47w.HFD.CD8kCLM.1.17",0,0,11,1,41,46,634,1812,4,690,765,0,2,0,0,1,0,0,82,0,0,0,2812,6,1,9,82,1348,5,370,1541,84,0,0,7,0,0,874,889,6,0,0,0,0,0,801
"10856.E12L.feces.36w.HFD.CD4HeMup.19",0,0,27,85,179,400,598,49,2,345,1620,0,762,3,0,0,0,0,103,0,1,0,2428,7,5,0,22,592,13,0,1021,2910,0,2,1,0,0,238,1309,7,6,0,0,119,1,71
"10856.E15L.feces.45w.HFD.IgACLM.1.5",2,0,36,56,91,13,216,261,0,89,367,0,342,8,0,3,0,0,2821,0,4,0,1899,9,5,18,26,1385,2,122,547,1728,2,2,1,2,0,2108,739,12,6,0,0,0,1,1
"10856.E17L.feces.42w.HFD.CD4HeCLM.1.9",0,0,12,53,16,66,79,20,1,118,454,0,1632,0,0,0,0,0,79,0,0,0,3057,6,6,6,35,1466,25,13,1697,769,0,0,5,0,0,517,2775,3,7,0,0,5,1,0
"10856.E19L.feces.45w.HFD.CD8kMup.3.4",0,0,3,6,7,18,759,626,5,525,1118,0,55,0,0,1,0,0,95,0,0,0,4323,3,4,10,69,1618,20,44,1759,157,0,0,0,0,0,1314,382,6,0,0,0,0,0,0
"10856.E19L.feces.45w.HFD.CD8kMup.4.5",0,0,22,14,5,79,245,354,4,711,956,0,11,0,0,0,0,0,528,0,0,0,2652,7,0,11,56,1747,20,20,2281,1024,0,0,0,0,0,1982,179,7,0,0,0,0,7,2
"10856.E20L.feces.45w.HFD.IgAkCLM.1.6",0,1,16,27,65,31,339,128,1,73,346,0,1398,0,0,10,0,0,1066,0,0,0,1929,2,0,9,12,1171,1,22,375,1035,0,0,2,0,0,3365,1446,10,0,0,0,42,4,1
"10856.E22L.feces.26w.HFD.CD8kMup.3.15",0,0,32,125,186,28,375,292,1,429,758,0,496,0,0,0,0,0,208,0,0,1,1625,4,0,1,26,724,0,26,591,3298,0,0,2,0,0,358,3333,5,0,0,0,0,0,1
"10856.E22L.feces.28w.HFD.CD8kMup.1.13",0,0,10,305,122,69,846,1135,2,794,1034,0,441,0,0,0,0,0,109,0,0,0,1219,4,1,25,18,1359,2,3,321,3334,0,0,0,0,0,343,1419,5,4,0,0,0,0,0
"10856.E23La.feces.51w.LALAPG.HFD.MupHe.2.10",0,0,2,5,78,140,2146,507,1,984,1295,0,22,2,1,0,0,0,26,0,2,1,2473,4,0,0,93,2662,12,13,802,51,3,23,8,16,6,940,172,17,18,0,0,1,2,397
"10856.E23La.feces.51w.aPDL1.HFD.MupHe.3.8",0,0,5,9,42,17,821,1951,0,683,886,0,37,5,1,0,0,0,34,0,3,0,3769,8,0,1,98,1999,5,16,918,107,18,44,11,29,0,942,441,5,2,0,0,0,3,17
"10856.E23Lb.feces.50w.ctrl.HFD.IgAkMup.2.21",0,0,20,98,47,3,618,74,1,46,1467,0,25,0,0,0,0,0,40,0,0,0,2120,2,0,1,34,1038,0,0,753,798,0,0,20,0,0,5605,104,6,2,0,0,0,0,1
"10856.E24L.feces.48w.HFD.IgAkMup.8.16",0,0,4,7,14,23,151,38,0,138,317,0,74,3,0,0,0,3,100,0,0,0,2374,3,1,7,38,890,17,32,1202,129,4,0,1,6,0,7295,23,7,3,0,0,22,0,0
"10856.E24L.feces.49w.HFD.IgAkMup.4.10",0,0,9,8,32,34,925,278,1,193,1841,0,169,0,0,0,0,0,281,0,0,0,2710,14,9,2,18,918,0,5,850,971,0,0,2,0,0,3219,431,3,3,0,0,0,0,0
"10856.E24L.feces.49w.HFD.IgAkMup.6.12",8,0,13,10,637,122,269,212,3,214,704,0,56,11,0,6,0,0,345,0,0,0,1817,5,0,3,23,1050,0,14,573,1930,11,2,0,2,0,4819,44,7,2,0,0,7,0,2
"10856.E24L.feces.50w.HFD.IgAkCLM.2.3",0,0,14,5,229,43,428,228,1,103,347,0,582,9,0,14,1,3,351,0,0,0,3119,4,1,86,0,964,0,83,1022,652,0,0,5,0,0,3925,693,3,8,0,0,0,1,0
"10856.E25L.feces.49w.HFD.CD8kCLM.1.2",0,0,36,26,0,12,148,89,0,462,959,0,48,5,0,0,0,0,61,0,2,0,4215,5,3,6,60,1704,56,0,1425,2668,0,0,2,1,1,757,167,2,0,0,0,1,1,0
"10856.E25L.feces.49w.HFD.CD8kMup.5.7",0,0,11,7,29,142,399,367,0,944,852,0,971,0,0,0,0,0,34,0,0,0,3152,4,0,1,37,854,10,9,1198,245,0,0,3,0,0,621,3009,6,3,3,0,0,1,11
"10856.E26L.feces.27w.HFD.Muphe.3.27",0,0,32,10,138,254,104,127,6,463,1186,0,74,0,0,0,0,0,483,0,1,0,1500,9,1,0,57,606,31,3,2265,908,0,0,0,0,0,1222,3431,8,0,0,0,0,4,1
"10856.E26L.feces.46w.HFD.ctrl.IgAKMup.2.2",1,0,12,10,112,113,676,144,3,208,340,0,2483,2,0,0,0,4,13,0,5,0,1021,4,1,18,11,797,0,253,397,653,2,0,0,3,0,2974,1704,3,6,0,0,104,4,845
"10856.E26L.feces.50w.HFD.IgAK.CLM.2.11",0,0,86,175,79,14,77,33,7,41,822,0,204,0,0,0,0,0,194,0,6,0,2866,10,0,477,17,1269,0,359,816,1958,0,0,1,0,0,2978,263,7,6,0,0,152,4,2
"10856.E27L.feces.28w.HFD.IgAkMup.2.2",0,0,79,91,134,25,407,162,1,25,390,0,135,0,0,0,0,0,906,0,1,0,1775,2,1,22,33,587,2,48,416,2226,0,0,2,0,0,2655,176,8,4,0,0,0,0,2612
"10856.E27L.feces.47w.HFD.CD8kMup.1.15",0,0,1,1,225,132,1003,1215,1,721,556,0,21,3,0,6,3,0,25,0,0,0,2880,3,0,2,63,1207,11,154,1552,13,0,15,23,0,0,1038,1870,5,3,0,0,0,0,169
"10856.E29L.feces.30w.HFD.CD8kCLM.1.4",6,0,34,207,178,90,711,486,1,619,2440,0,114,15,0,6,0,2,29,0,1,0,1022,2,0,1,22,700,7,0,445,4071,0,2,264,1,0,311,1132,3,1,0,0,1,0,1
"10856.E32L.feces.30w.HFD.CD8kCLM.1.2",0,0,45,103,39,58,431,444,4,523,841,0,13,0,0,0,0,0,541,0,1,0,2058,15,2,3,65,1947,53,4,1539,3037,0,0,0,0,0,860,289,3,1,0,0,4,0,1
"10856.E32L.feces.30w.HFD.CD8kCLM.5.10",0,0,15,68,53,78,1345,674,3,441,942,0,125,10,0,1,0,5,57,0,0,0,3809,5,0,34,88,1346,29,159,1693,206,0,17,0,7,0,1307,380,9,7,0,0,0,10,2
"10856.E34La.feces.41w.HFD.MupHe.2.2",0,0,145,125,101,198,109,597,38,790,2657,7,49,0,0,0,0,0,412,0,3,0,2298,3,6,3,41,667,39,69,1331,1619,0,0,4,0,0,508,431,12,0,0,0,0,3,661
"10856.E40L.feces.50w.HFD.B6.2.2",0,0,3,0,50,0,301,211,1,164,551,5,15,0,0,0,0,0,97,0,0,0,3118,2,5,1,58,848,11,26,1642,54,0,0,1,0,0,507,49,4,3,0,0,0,0,5197
"10856.E41L.feces.20w.STAM.FVB.IgAk.2.9",1,0,23,48,32,28,282,2,1,115,1053,0,92,0,0,0,1,1,26,0,0,0,5963,5,0,3,28,1291,0,98,2144,470,0,0,6,0,0,1181,16,6,2,4,0,1,0,1
"10856.E41L.feces.20w.STAM.FVB.IgAk.3.10",0,0,45,141,100,33,1413,3,4,372,1188,0,62,0,0,0,0,0,207,0,0,0,4279,29,0,6,69,1135,0,29,1822,543,0,0,0,0,0,832,594,7,5,0,0,6,0,1
"10856.E42L.feces.49w.HFD.CD8kMup.4.15",0,0,3,4,10,18,166,69,2,256,515,7,24,0,0,0,0,0,66,0,4,0,4436,4,0,7,50,1020,23,83,3409,41,0,0,0,0,0,2598,95,7,3,0,0,0,2,2
"10856.E42L.feces.51w.HFD.CD8kMup.2.13",6,0,2,10,27,23,906,340,5,251,2813,12,52,2,0,6,0,6,70,0,5,0,3153,17,2,7,57,1192,15,47,1951,53,0,8,12,0,0,1324,468,13,1,0,0,47,6,11
"10856.E45L.feces.21w.STAM.FVB.IgAk.2.10",0,0,1,8,156,34,592,39,1,191,1304,0,178,0,0,8,0,0,2,0,1,0,5748,4,0,9,29,2118,0,81,1616,135,0,0,2,0,0,586,60,5,0,3,0,11,1,0
"10856.E45L.feces.21w.STAM.FVB.IgAk.3.11",0,0,8,14,73,36,228,10,1,298,505,0,68,0,0,0,0,0,8,0,0,0,6441,12,0,52,30,2074,0,205,1856,200,0,0,0,0,0,753,35,3,0,3,0,8,1,2
"10856.E45L.feces.21w.STAM.FVB.IgAk.4.12",0,0,3,8,83,36,616,18,3,213,783,0,61,0,0,0,0,0,8,0,1,0,6904,6,0,8,26,1577,0,115,1737,201,0,0,0,0,0,483,17,2,5,2,0,9,0,2
"10856.E47L.feces.20w.STAM.FVB.IgAk.5.13",0,0,41,26,119,6,1313,280,1,233,552,0,14,0,0,0,0,0,30,0,4,0,4970,7,2,23,45,1680,39,118,2185,688,0,0,2,0,0,399,137,10,0,0,1,0,0,0
"10856.E47L.feces.26w.STAM.B6.IgAk.2.6",0,0,16,45,1791,194,1352,788,3,231,660,0,124,0,0,0,0,1,64,0,0,0,2649,8,1,76,21,821,0,56,588,1489,0,0,1,0,0,1759,169,9,7,0,0,0,0,0
"10856.E49L.feces.25w.STAM.B6.Ighel.MD4.4.18",0,0,40,249,27,10,1503,261,2,405,1702,0,11,0,0,0,0,8,29,0,1,0,1075,15,7,83,32,879,3,71,839,4095,0,0,18,0,0,1502,27,15,9,0,0,6,0,0
"10856.E49L.feces.25w.STAM.B6.PIGRHe.1.5",0,0,72,68,102,35,998,179,0,82,1082,0,93,4,0,1,0,0,18,0,3,0,3244,5,2,1,28,1295,0,9,1152,1382,0,6,23,1,0,2844,189,6,1,0,0,0,0,0
"10856.E4L.HFD.feces.ox.MupHe.4",0,1,73,250,0,0,193,72,2,222,629,0,2,1,0,0,0,3,2991,0,7,0,930,8,0,70,24,2561,0,356,538,1549,12,46,28,39,8,2194,27,5,15,0,0,64,0,5
"10856.E4L.HFD.feces.ox.MupHe.9",0,0,12,215,228,104,932,328,4,87,2332,0,17,1,0,0,0,0,657,0,0,0,1986,5,2,152,22,729,0,82,567,3486,15,29,336,12,5,350,197,5,26,0,0,0,0,0
"10856.E4L.feces.ctrl.Mup.IgAk.11",0,0,38,147,1011,110,305,150,0,27,690,0,98,0,0,0,0,0,224,0,0,0,2361,16,2,3,21,1610,0,19,833,2899,0,0,3,0,0,1293,1056,7,0,0,0,0,0,1
"10856.E4L.feces.ctrl.Mup.IgAk.16",3,0,15,7,343,37,273,160,1,168,184,0,161,4,0,1,0,0,114,0,1,0,4158,14,6,3,41,2091,0,3,1361,304,2,2,1,0,0,3174,277,8,7,0,0,0,3,1
"10856.E51L.Col.Fe.47w.HFD.CD8kMup.3.10",0,0,28,23,23,45,122,234,2,473,584,0,90,4,0,0,0,0,165,0,0,0,5010,9,0,21,27,1254,45,105,1858,670,0,0,0,0,0,1312,809,7,0,0,0,0,2,1
"10856.E51L.Col.Fe.47w.HFD.CD8kMup.4.11",0,0,1,2,20,120,344,586,2,762,913,0,156,0,0,0,0,0,60,0,0,0,4127,9,3,12,47,987,18,75,2244,142,0,0,0,0,0,1451,837,2,7,0,0,0,0,1
"10856.E55L.L.25w.STAM.B6.CD8k.4.9",0,63,172,62,1,8,305,34,8,89,667,0,8,0,11,13,21,18,666,49,0,0,3496,6,0,152,17,1346,22,462,804,3973,0,0,1,0,0,403,12,20,1,0,0,12,1,0
"10856.E5La.feces.27w.HFD.IgAMup.11",1,0,29,37,1359,326,1898,325,2,212,1355,0,61,0,2,0,0,2,165,0,0,0,1562,25,2,326,27,612,0,294,903,1588,0,0,148,1,0,1350,141,9,1,0,0,154,7,0
"10856.Ex3.HFD.10.feces.MupHe.4",3,0,23,37,1,1,1542,40,1,60,34,0,38,9,0,9,0,0,623,0,3,0,1907,8,0,37,27,1252,0,53,1392,3742,3,5,24,3,0,1600,273,8,1,1,0,165,1,0
"10856.Ex3.HFD.10.feces.MupHe.5",0,0,12,13,1,0,8,4,0,4,1298,0,2,0,0,0,0,0,172,0,8,0,2819,8,0,17,8,5871,0,57,569,1723,0,0,1,0,0,318,3,4,3,0,0,3,0,0
"10856.Ex3.HFD.11.feces.MupplusIgA..11",0,0,47,80,127,163,193,154,1,758,1161,0,9,1,0,0,0,0,870,0,6,0,1638,7,1,10,16,2194,0,23,656,1048,1,6,3,0,0,3547,187,9,7,0,0,0,3,0
"10856.Ex3.HFD.11.feces.MupplusIgA..8",0,0,24,30,366,72,735,1044,1,228,1810,0,12,0,0,0,0,0,43,0,0,0,1558,4,2,24,13,949,0,81,561,2186,0,0,20,0,0,2997,151,9,3,0,0,1,0,1
"10856.E12L.feces.38w.HFD.CD4HeMup.15",0,0,2,18,120,755,384,45,0,748,1540,0,679,0,0,0,0,0,22,0,0,0,1575,7,0,1,24,799,7,7,1458,837,0,0,14,0,0,331,3490,7,1,0,0,43,1,7
"10856.E15L.feces.44w.HFD.IgAMup.8.24",0,0,12,218,416,51,508,106,3,57,192,0,991,0,0,0,0,0,187,0,0,0,1481,0,0,4,9,404,0,47,253,1533,0,0,0,0,0,4646,1797,10,0,0,0,0,0,0
"10856.E15L.feces.45w.HFD.IgACLM.7.16",0,0,10,170,211,43,544,179,1,79,645,0,504,4,0,0,0,0,180,0,0,0,1179,2,1,12,21,855,0,11,965,1668,0,1,1,1,0,4725,879,7,10,0,0,12,1,1
"10856.E15L.feces.45w.HFD.IgACLM.8.20",0,0,3,2,128,65,70,75,3,71,236,0,941,0,0,0,0,0,76,0,0,0,2917,4,0,6,37,925,0,22,914,73,0,0,2,0,0,4861,1477,9,5,0,0,1,2,1
"10856.E15L.feces.45w.HFD.IgAMup.6.19",0,0,6,33,781,267,424,394,2,185,838,0,652,12,0,10,0,1,170,0,0,0,2199,2,0,6,19,598,0,30,540,873,2,1,1,1,0,4252,599,8,14,1,0,0,0,1
"10856.E15L.feces.45w.HFD.MupHe.1.2",0,0,4,28,29,1,684,211,4,101,1965,0,99,0,0,0,0,0,1374,0,1,1,4061,33,0,1,38,1401,0,79,866,731,0,0,148,0,0,691,360,14,0,0,0,0,0,0
"10856.E16L.feces.40w.HFD.CD8He.Mup.1.5",0,0,48,152,0,71,243,56,1,97,1799,0,14,0,0,0,0,0,371,0,0,0,2159,13,0,6,23,512,21,11,1129,5522,0,0,11,0,0,404,252,4,4,0,0,0,0,2
"10856.E17L.feces.42w.HFD.CD4HeCLM.2.10",2,0,55,771,104,371,1045,242,2,332,2747,0,25,0,0,1,0,0,536,0,0,0,1276,14,2,8,11,296,3,16,605,4262,0,0,3,0,0,54,108,3,19,0,0,0,0,10
"10856.E47L.feces.20w.STAM.FVB.IgAk.1.9",0,0,15,8,170,42,516,33,1,435,918,3,22,0,0,0,0,0,12,0,0,0,5974,3,4,33,38,1457,63,127,1497,557,0,0,1,0,0,682,301,3,7,0,0,1,0,1
"10856.E17L.feces.42w.HFD.CD4HeMup.4.13",0,0,12,61,103,191,932,303,0,333,554,0,854,0,0,0,0,0,90,0,0,1,4493,3,0,0,38,593,2,1,1219,874,0,0,0,0,0,731,1490,7,8,0,0,1,0,30
"10856.E18L.feces.26w.HFD.IgAkCLM.1.18",0,0,2,49,1000,129,466,915,1,243,554,0,132,0,0,8,0,0,26,0,0,0,1258,3,0,4,16,272,0,44,677,64,0,0,1,0,0,6766,289,7,0,0,0,0,0,0
"10856.E18L.feces.26w.HFD.IgAkCLM.2.19",0,0,7,137,1169,88,1484,860,1,153,1365,0,364,0,0,0,0,1,46,0,1,0,2625,6,2,14,20,744,0,61,456,308,0,0,0,0,0,2719,287,4,3,0,0,0,0,0
"10856.E20L.feces.45w.HFD.IgAkMup.1.3",0,0,38,50,178,19,217,52,1,18,782,0,589,7,0,1,0,0,326,0,0,0,930,9,0,22,5,566,0,85,322,4175,5,0,4,3,0,3884,602,3,12,0,0,15,0,0
"10856.E22L.feces.25w.HFD.CD8kMup.7.19",4,0,3,66,51,93,291,335,1,541,1036,0,220,14,0,6,0,1,221,0,0,0,4448,5,0,1,55,957,32,41,1607,687,0,19,4,6,0,1227,948,3,1,0,0,0,0,0
"10856.E24L.feces.49w.HFD.IgAkCLM.8.14",0,0,32,75,124,50,289,295,3,195,1206,0,101,0,0,0,0,0,422,0,0,0,1587,5,0,4,28,1666,0,66,679,3181,0,0,0,0,0,2711,161,7,11,0,0,27,0,0
"10856.E25L.feces.49w.HFD.CD8kCLM.3.8",6,3,4,19,11,28,438,289,0,650,741,0,71,4,0,5,0,0,102,0,1,0,3799,5,5,18,73,1699,57,86,2655,769,13,14,0,13,6,941,231,4,13,0,0,1,16,135
"10856.E25L.feces.49w.HFD.CD8kMup.2.3",0,0,40,53,17,28,302,214,0,438,1154,0,130,0,0,6,0,0,148,0,1,0,3740,3,5,8,67,1208,63,34,1598,1666,0,0,0,0,0,1198,799,3,0,0,0,0,1,0
"10856.E50L.feces.26w.HFD.RagkMup.1.1",0,0,2,12,89,50,1271,660,0,219,3938,0,42,0,0,0,0,0,33,0,0,0,2572,10,0,40,69,1043,0,28,1239,237,0,0,10,0,0,942,170,247,0,0,0,0,0,0
"10856.E51L.Col.Fe.48w.HFD.IgAkMup.2.5",0,0,24,68,295,125,252,387,0,176,678,0,164,0,0,0,0,0,108,0,1,0,2472,8,3,14,30,1145,0,76,1684,616,0,0,2,0,0,4446,137,3,8,0,0,0,3,1
"10856.E22L.feces.28w.HFD.CD8kMup.2.14",0,0,7,348,166,76,123,483,1,513,725,0,1211,0,0,0,0,0,135,0,0,0,609,2,0,1,13,767,2,2,254,1099,0,0,2,0,0,534,5839,6,3,4,0,1,0,1
"10856.E22L.feces.29w.HFD.IgAkMup.1.7",0,0,16,71,159,13,344,269,1,91,559,0,274,0,0,0,0,0,139,0,0,0,3559,14,0,1,46,1039,0,16,1115,1271,0,0,7,0,0,3294,588,9,6,0,0,14,9,1
"10856.E23La.feces.51w.aPDL1.HFD.MupHe.1.6",0,0,5,216,59,71,842,157,1,301,1117,0,193,0,0,0,0,0,52,0,3,0,1194,5,1,4,81,957,3,33,1562,393,0,0,67,0,0,1251,94,5,9,0,0,0,0,4250
"10856.E23La.feces.51w.ctrl.HFD.MupHe.1.4",0,0,4,11,37,69,533,80,2,332,552,0,92,0,0,0,0,0,46,0,1,0,3429,6,0,9,125,1148,0,37,3080,123,0,0,15,0,0,1628,46,9,5,0,0,0,1,1503
"10856.E23La.feces.51w.ctrl.NC.B6.2.18",2,0,0,7,2,12,230,64,154,832,1559,0,28,2,0,2,3,0,281,0,0,0,5083,3,5,3,31,3629,0,0,797,16,2,4,34,5,0,70,50,5,4,0,0,2,0,2
"10856.E24L.feces.49w.HFD.IgAkCLM.5.6",0,0,4,66,3,7,43,8,1,15,821,0,53,0,0,0,0,0,535,0,5,0,4240,10,7,57,90,1962,45,181,1864,1270,0,0,0,0,0,1226,381,4,0,0,0,3,22,0
"10856.E24L.feces.49w.HFD.IgAkCLM.7.13",0,0,2,1,269,135,334,97,1,436,1117,0,317,0,0,0,0,0,169,0,2,0,2416,6,0,30,51,1269,0,31,1274,206,0,0,0,0,0,4211,474,5,3,0,0,68,0,0
"10856.E24L.feces.50w.HFD.IgAkCLM.3.4",0,0,13,6,421,75,419,309,0,201,531,0,269,0,0,0,0,0,993,0,0,0,1787,4,2,228,0,827,0,241,628,1731,0,0,6,0,0,3669,552,6,4,0,0,0,2,0
"10856.E25L.feces.48w.HFD.CD8kMup.10.15",0,0,34,90,116,145,311,141,1,586,1228,0,260,0,0,0,0,0,655,0,7,0,3288,25,4,308,37,1278,9,451,1661,1293,0,0,26,0,0,252,692,5,0,0,0,6,15,0
"10856.E25L.feces.48w.HFD.CD8kMup.6.10",0,0,6,2,43,92,348,388,1,796,366,0,547,0,0,0,0,0,85,0,0,0,3973,2,0,2,44,1013,4,34,1885,44,0,0,4,0,0,1141,2099,2,4,0,0,1,0,1
"10856.E25L.feces.48w.HFD.CD8kMup.7.11",0,0,5,12,61,146,459,377,3,670,963,0,395,5,2,0,0,0,302,0,2,0,2567,8,1,5,29,984,13,38,2069,333,0,1,15,1,0,711,2740,4,0,0,0,0,2,1
"10856.E25L.feces.49w.HFD.CD8kMup.3.5",0,0,30,65,35,61,304,244,2,624,2015,0,521,8,0,6,0,0,139,0,1,0,3230,6,3,1,39,663,15,12,868,2093,0,18,4,1,0,692,1217,4,5,0,0,1,0,0
"10856.E25L.feces.49w.HFD.CD8kMup.4.6",0,0,41,51,24,60,164,169,2,456,1212,0,248,0,0,1,0,0,563,0,0,0,2654,7,0,0,38,1219,9,1,1272,1656,0,0,12,0,0,1577,1484,5,0,0,0,0,0,0
"10856.E26L.feces.27w.HFD.Muphe.2.26",0,0,16,15,151,189,304,445,4,538,1547,0,38,0,0,0,0,0,424,0,2,0,2275,9,1,0,58,791,16,39,1770,1308,0,0,2,0,0,756,2212,8,0,0,0,0,6,0
"10856.E52L.Col.Fe.50w.HFD.RagkMup.1.3",0,0,140,80,5,31,11,3,2,29,31,0,80,0,0,0,0,0,1567,0,1,0,2412,0,0,1,18,901,23,211,974,3141,0,0,7,0,0,2043,1200,11,0,0,0,0,0,2
"10856.E27L.feces.28w.HFD.IgAkCLM.1.3",0,0,1,7,79,32,180,131,0,49,69,0,2426,0,0,6,0,0,4,0,0,0,1182,3,0,0,11,592,3,0,185,41,0,1,0,0,0,4082,3577,12,1,0,0,0,0,254
"10856.E27L.feces.47w.HFD.CD8kCLM.2.19",0,0,0,1,94,68,474,422,4,361,159,4,243,0,0,0,0,0,6,0,0,0,1659,3,0,1,36,1012,6,58,539,11,0,0,2,0,0,1595,5691,9,0,0,0,0,0,464
"10856.E27L.feces.47w.HFD.CD8kMup.2.16",0,0,73,17,61,123,491,746,2,417,1083,0,22,0,0,0,0,0,158,0,0,0,1631,3,0,14,19,1023,2,521,707,346,0,0,8,0,0,246,173,4,2,0,0,0,2,5028
"10856.E30L.feces.37w.HFD.CD8kMup.2.2",0,0,2,23,72,138,1811,3408,5,394,2277,42,1,0,0,0,0,0,8,0,0,0,1263,8,0,19,17,661,0,258,1027,452,0,0,336,0,0,81,600,21,0,0,0,0,0,1
"10856.E34La.feces.41w.HFD.MupHe.1.1",12,0,32,133,49,366,57,306,12,1007,2620,13,41,10,0,32,0,19,76,0,2,0,1848,3,4,7,25,518,16,113,955,1456,26,41,1,3,1,512,454,12,48,0,0,0,6,2091
"10856.E37Lb.feces.50w.HFD.CD8kCLM.1.17",0,1,13,11,7,25,205,135,1,294,1550,0,64,2,0,0,0,4,55,0,1,0,4764,8,7,36,75,1850,75,35,1860,996,1,0,4,0,0,680,153,12,0,0,0,0,0,1
"10856.E37Lb.feces.50w.HFD.CD8kMup.3.22",0,0,8,12,35,94,255,518,3,783,605,0,673,0,0,0,0,0,63,0,0,0,3093,3,0,9,35,1175,12,65,1787,430,0,0,0,0,0,949,2308,5,0,0,0,0,3,0
"10856.E40L.feces.47w.NC.B6.1.4",0,0,1,3,52,26,330,368,942,356,8245,16,8,6,0,0,0,1,82,0,2,77,986,1,2,8,21,506,3,0,345,191,0,0,37,0,0,18,200,4,0,52,0,6,1,29
"10856.E41L.feces.20w.STAM.JH.1.1",0,0,55,11,290,1,2023,297,1,466,2078,60,164,0,0,0,0,1,139,0,0,0,2172,8,0,16,38,1048,0,222,458,2449,0,0,355,0,0,111,436,11,5,1,0,2,3,3
"10856.E41L.feces.20w.STAM.JH.4.4",0,0,23,7,336,0,2516,1637,0,1199,1960,77,30,0,0,0,0,1,53,0,0,0,1869,1,0,7,20,619,0,403,1173,681,0,0,109,5,0,152,17,11,6,1,0,3,9,1
"10856.E42L.feces.49w.HFD.CD8kMup.6.17",0,0,34,71,7,13,283,129,10,190,4863,7,2,0,0,0,0,1,437,0,3,1,1540,11,4,35,16,578,8,581,632,3341,0,0,1,0,0,57,10,9,6,0,0,40,2,1
"10856.E42L.feces.51w.HFD.CD8kMup.1.12",3,0,15,4,108,129,631,830,8,1221,1228,117,147,5,0,0,0,2,636,0,2,0,2553,10,2,23,43,1222,22,188,1308,982,0,5,7,6,0,979,457,13,9,0,0,0,2,10
"10856.E43L.feces.51w.HFD.IgMkMup.1.6",0,0,41,613,358,99,1013,1194,1,467,1058,0,481,0,0,0,0,0,132,0,1,0,1138,5,3,3,14,705,0,10,468,4471,0,0,0,0,0,161,465,4,5,0,0,15,0,1
"10856.E45L.feces.22w.STAM.FVB.JH.3.7",0,1,2,29,669,0,2798,1263,2,1132,3306,4,5,0,0,1,5,0,58,0,0,31,1397,0,0,187,13,826,0,307,647,104,0,0,26,0,0,93,5,6,4,0,0,0,0,1
"10856.E46L.feces.51w.HFD.RagkMup.2.8",0,0,135,33,1,10,79,3,2,91,3356,1,21,0,0,0,0,0,996,0,3,0,1100,0,0,8,19,700,0,112,407,4548,0,0,165,0,0,787,291,55,0,0,0,0,0,0
"10856.E47L.feces.20w.STAM.FVB.B.TGFbR.2.17",0,1,36,14,0,1,617,391,1,254,5144,0,9,1,0,3,0,0,508,0,1,0,910,4,0,0,6,307,12,0,369,3486,0,1,173,4,0,336,282,7,20,0,0,25,3,0
"10856.E47L.feces.20w.STAM.FVB.IgAk.2.10",0,0,3,1,179,59,2259,160,1,502,1028,1,401,0,0,9,0,0,10,0,0,0,4040,2,0,25,27,1052,19,84,975,498,0,0,1,0,0,584,998,4,0,0,0,0,0,1
"10856.E47L.feces.20w.STAM.FVB.IgAk.4.12",0,0,16,34,364,65,1168,116,3,555,768,1,48,0,0,11,0,0,4,0,1,0,4856,10,0,21,39,1285,47,51,1165,513,0,0,0,0,0,667,1095,1,0,1,0,15,0,2
"10856.E47L.feces.20w.STAM.FVB.IgAk.6.14",0,0,118,104,678,173,1394,273,2,589,2915,1,5,0,1,0,0,1,28,1,10,0,1850,5,3,16,32,769,12,41,794,2780,0,1,2,0,0,168,137,14,0,0,0,6,0,3
"10856.E47L.feces.26w.STAM.B6.IgAk.3.7",0,0,64,4,237,27,601,198,3,42,384,0,827,0,0,5,0,9,90,1,2,0,3461,4,0,9,22,845,0,11,1156,1936,0,0,39,0,0,2643,293,11,0,0,0,0,0,1
"10856.E49L.feces.26w.STAM.B6.PIGRK.4.4",0,0,40,26,267,54,608,237,2,133,591,0,958,0,0,0,0,0,16,1,0,0,2685,6,0,5,23,1464,3,8,1005,661,0,0,7,0,0,4013,100,10,3,0,0,0,0,1
"10856.E4L.HFD.feces.ox.MupHe.6",0,0,8,2,17,87,1418,1267,2,169,1091,0,528,0,0,0,0,3,798,0,3,0,81,1,0,9,0,279,1,88,273,1229,1,0,967,0,0,698,871,538,7,0,0,0,0,2489
"10856.E4L.feces.ctrl.MupHe.5",8,1,17,6,304,129,694,498,1,205,3229,0,37,20,3,5,0,5,527,0,4,0,1015,2,13,19,19,680,8,266,607,1337,1,34,737,9,1,1220,29,572,12,0,0,15,1,635
"10856.E4L.feces.ctrl.MupplusIgAk.17",0,0,50,10,1278,106,2015,2329,3,148,503,0,54,0,0,0,0,0,467,0,0,0,811,5,4,3,14,758,0,10,552,1818,0,0,126,0,0,1769,76,7,7,0,0,0,1,0
"10856.E50L.feces.26w.HFD.RagkMup.3.3",0,0,15,10,573,123,1885,57,0,638,644,0,208,0,0,0,0,0,581,0,3,0,1574,2,0,3,22,950,19,123,1134,468,0,0,38,0,0,475,3365,10,0,0,0,4,0,0
"10856.E51L.Col.Fe.49w.HFD.MupHe.3.3",0,0,19,55,81,58,181,79,0,409,1334,0,202,0,0,0,0,0,557,0,1,0,3682,16,2,0,33,1245,30,0,1985,1960,0,0,29,0,0,379,149,5,7,0,0,0,0,425
"10856.E51L.Col.Fe.51w.HFD.CD8kMup.2.9",0,0,4,36,21,55,718,97,1,760,948,2,125,8,0,4,0,4,57,4,0,0,3101,18,0,7,50,888,42,29,1718,1580,6,23,5,3,6,1120,1476,4,4,0,0,0,1,0
"10856.E51L.SI.Fe.48w.HFD.IgAkMup.1.4",1,0,341,84,2,0,7,2,1,4,544,0,3,1,0,0,0,1,7245,0,14,0,52,0,0,41,1,21,0,1027,15,3469,1,1,5,0,0,18,6,7,9,0,0,0,1,2
"10856.E55L.L.25w.STAM.B6.CD8k.3.8",0,50,325,20,1,164,507,76,3,636,1620,3,7,3,17,11,57,24,948,20,0,0,2013,9,0,227,9,1035,9,1388,610,2929,0,0,1,0,0,172,3,20,2,1,0,2,1,0
"10856.E9L.feces.HFD.IgMk.Mup.2",4,0,294,422,75,13,92,121,2,808,1167,0,6,12,0,0,0,0,206,0,6,0,625,4,2,21,19,670,3,284,228,6785,0,0,0,2,0,1032,14,7,0,0,0,0,0,1
"10856.Ex3.HFD.10.feces.MupHe.3",0,0,9,4,0,2,2035,147,1,164,2850,0,35,0,0,0,0,0,483,0,1,0,1363,8,0,175,20,1315,0,89,936,2476,0,1,2,0,0,693,81,19,0,0,0,14,0,1
"10856.Ex3.HFD.11.feces.MupplusIgA..6",0,0,13,32,562,335,509,320,2,223,1120,0,178,0,0,0,0,0,34,0,1,0,2779,27,20,48,40,1341,0,165,731,2100,0,0,12,0,0,1944,370,10,5,0,0,0,0,1
"10856.Ex3.HFD.11.feces.MupplusIgA..9",0,0,44,326,246,43,608,777,1,346,2978,0,4,0,0,0,0,0,339,0,1,0,636,11,0,1,21,577,0,0,581,3017,0,0,4,0,0,2236,115,4,5,0,0,0,3,0
"10856.FVB.B.TGFbR.Feces.10w.NC.1.37",0,0,0,3,0,0,771,47,2442,453,2469,0,223,3,0,0,0,0,101,0,1,0,3157,6,2,5,71,1570,0,0,550,16,9,17,189,25,4,139,613,7,6,12,0,6,5,0
"10856.E27L.feces.27w.HFD.IgAkMup.3.4",0,0,69,18,2,4,9,11,2,5,15,0,43,0,0,0,0,0,12134,0,1,0,28,3,0,0,1,44,0,3,17,458,0,0,0,0,0,32,14,9,4,0,0,0,0,0
"10856.E32L.feces.30w.HFD.CD8kMup.1.1",0,0,29,70,62,89,447,328,3,210,1072,0,16,0,0,0,0,0,3595,0,2,0,1638,33,5,235,27,798,13,339,529,2247,0,0,0,0,0,226,863,19,0,0,0,26,3,1
"10856.E41L.feces.20w.STAM.JH.5.5",0,0,6,17,1045,386,2099,944,0,1234,2899,36,4,0,0,1,0,0,138,0,0,0,1535,7,9,60,13,551,5,113,1180,377,0,0,97,0,0,94,48,7,4,0,0,14,1,1
"10856.E51L.SI.Fe.49w.HFD.MupHe.1.1",0,1,69,45,3,0,6,3,1,8,133,0,13,0,0,0,0,0,7679,0,3,0,197,0,0,0,1,82,2,0,37,4315,0,0,1,0,0,291,20,7,11,0,0,0,0,1
"10856.B6.CD8K.Feces.13w.NC.1.1",0,0,6,7,0,0,83,15,366,71,7324,0,85,0,0,0,0,0,32,0,1,69,2739,7,0,0,11,1164,0,0,321,21,0,0,62,0,0,258,2,3,0,36,0,95,0,146
"10856.B6.CD8K.Feces.13w.NC.3.3",0,0,21,14,0,0,51,17,802,57,9476,0,1,0,0,0,0,0,153,0,1,82,1334,6,0,14,7,311,0,1,208,38,0,0,119,0,0,38,1,4,0,29,0,36,0,103
"10856.B6.IgAK.Feces.5w.NC.4.13",0,0,32,2,1,12,1033,443,3061,206,3422,0,106,0,0,0,0,0,675,0,0,0,456,0,0,12,0,141,0,0,48,250,0,0,448,0,0,94,1679,32,0,0,0,0,0,771
"10856.B6.IgAK.Feces.5w.NC.5.14",0,0,7,2,69,39,1209,261,4855,225,1667,0,16,0,0,0,0,0,697,0,8,0,491,0,3,80,15,98,0,1,93,228,0,0,488,0,0,42,1590,681,4,0,0,0,3,54
"10856.B6.IgAK.Feces.8w.NC.1.10",0,0,44,5,249,16,754,170,2605,271,4401,17,44,0,0,0,0,0,547,0,0,0,900,6,1,11,14,98,0,0,310,91,0,0,441,0,0,92,1819,13,0,0,0,0,0,5
"10856.E11L.feces.56w.NC.1.MupHe.1",1,0,49,8,49,10,323,47,1169,48,4133,0,268,0,0,0,0,0,187,0,0,0,1929,6,0,10,86,695,11,5,666,176,3,3,289,0,0,254,2475,9,5,0,0,6,0,1
"10856.E11L.feces.56w.NC.2.MupHe.2",0,0,28,3,161,50,357,93,3330,103,4826,2,19,0,0,0,0,0,97,0,1,0,1111,8,4,10,30,446,2,4,650,124,0,0,400,0,0,440,551,5,2,0,0,68,0,2
"10856.E11L.feces.56w.NC.3.MupHe.5",0,0,15,1,32,56,106,21,2135,111,2039,10,203,0,0,0,0,0,108,0,0,20,2455,11,0,7,74,922,6,22,1183,68,0,0,267,0,0,657,2374,5,0,0,0,12,1,0
"10856.E11L.feces.56w.NC.4.MupHe.6",7,0,11,5,24,58,743,131,2360,190,2739,3,10,2,0,0,0,8,74,0,0,46,2651,5,0,30,37,943,3,32,706,102,6,7,314,16,2,410,1187,13,0,0,0,46,1,1
"10856.E18L.feces.23w.NC.IgAkMup.3.27",0,0,296,29,12,20,181,44,1499,114,2731,0,49,3,0,0,0,0,522,0,1,0,2873,8,0,42,37,591,0,1,813,567,1,2,407,0,0,179,1883,5,5,0,0,3,4,1
"10856.E18L.feces.27w.NC.IgAkCLM.2.21",0,0,22,6,25,35,371,187,1467,158,6125,0,18,0,0,0,0,0,132,0,3,0,2408,8,2,9,40,282,0,0,432,112,0,0,192,0,0,420,431,6,4,0,0,23,0,7
"10856.E19L.feces.45w.HFD.CD8kMup.6.8",0,0,51,174,433,658,1232,379,0,696,2186,8,59,0,0,0,0,0,215,0,1,0,1931,60,0,17,3,614,0,92,705,2781,0,0,16,0,0,148,462,2,1,0,0,0,0,0
"10856.E24L.feces.47w.NC.IgAkCLM.1.20",0,0,7,3,16,20,848,528,3264,234,3950,2,86,0,0,0,0,0,57,0,0,1,521,11,2,12,7,94,0,5,316,109,0,0,282,0,0,321,1707,12,0,2,0,41,0,465
"10856.E26L.feces.27w.NC.B6.CR.2.29",0,0,7,7,5,2,1037,168,1978,481,6600,36,20,0,0,6,0,0,255,0,3,0,551,5,3,141,8,654,30,1,354,116,0,0,260,0,0,19,8,53,0,0,0,10,0,106
"10856.E26L.feces.27w.NC.B6.CR.3.30",0,0,0,5,7,0,648,54,899,658,3697,10,222,0,0,0,0,0,134,0,0,0,3379,13,20,23,27,1412,46,0,1553,14,0,0,51,0,0,6,5,7,0,3,0,21,3,6
"10856.E26L.feces.27w.NC.B6.CR.5.32",0,0,0,1,6,1,524,24,1160,550,1250,1,10,0,0,0,0,1,58,0,0,0,7479,2,2,16,27,626,0,1,1178,3,0,0,0,0,0,1,1,1,0,0,0,1,0,0
"10856.E26L.feces.50w.NC.IgAK.CLM.1.21",0,0,4,2,26,12,609,312,3192,109,2923,1,69,0,0,0,0,0,153,0,1,0,1096,17,12,17,45,404,0,5,509,71,0,0,161,0,0,313,2802,7,0,0,0,51,0,5
"10856.E26L.feces.50w.NC.IgAK.CLM.2.22",0,0,37,4,29,8,604,300,2074,90,4506,0,29,0,0,0,0,0,748,0,0,0,1000,21,2,11,42,603,0,3,421,289,0,0,329,0,0,230,1352,6,0,0,0,173,1,10
"10856.E27L.feces.27w.NC.CD8kCLM.1.26",0,0,11,14,28,94,228,63,974,351,6047,1,8,2,0,0,0,0,15,0,1,106,2616,6,1,11,37,646,10,1,693,572,0,1,44,0,0,192,133,7,0,4,0,5,2,0
"10856.E27L.feces.51w.NC.CD4He.WT.1.29",0,0,0,7,8,81,200,89,13,381,6467,15,3,0,0,3,0,0,34,0,1,8,1916,7,0,9,36,2206,0,1,473,275,0,0,100,0,0,448,137,4,0,0,0,0,2,0
"10856.E27L.feces.51w.NC.CD4He.WT.1.32",0,0,2,6,32,83,227,41,2370,135,7786,6,52,0,0,0,0,0,90,0,1,23,353,3,1,4,3,120,0,1,156,777,0,0,200,0,0,37,381,13,6,0,0,16,1,1
"10856.E29L.feces.27w.HFD.MupHe.1.9",2,0,27,10,458,613,541,835,7,1100,4218,0,107,1,0,2,0,0,399,0,2,0,1486,4,9,1,13,313,7,8,1103,415,3,6,8,1,2,341,865,10,4,0,0,0,1,1
"10856.E34La.feces.41w.HFD.MupHe.3.3",0,0,1,9,57,374,104,212,3,1000,3069,2,232,0,0,0,0,0,4,0,1,0,3265,4,1,3,50,614,74,70,2263,132,0,0,6,0,0,656,699,1,8,0,0,1,3,2
"10856.E36L.feces.27w.NC.CD8kMup.2.28",0,0,4,11,37,80,284,78,609,308,7730,0,3,0,0,0,0,0,204,0,0,73,1668,5,8,349,47,623,2,120,421,114,0,0,8,0,0,95,25,5,0,0,0,6,4,1
"10856.E36L.feces.50w.NC.CD8kCLM.3.26",0,0,37,15,58,46,419,52,1568,378,7407,7,147,0,0,2,0,0,391,0,1,172,369,4,1,33,7,119,0,2,221,534,0,0,454,0,0,26,441,7,0,0,0,6,0,0
"10856.E42L.feces.49w.HFD.CD8kMup.3.14",2,0,0,71,30,95,2438,191,1,214,4251,1,71,1,0,0,0,0,2,0,9,0,1903,20,0,6,4,893,11,0,883,438,0,0,7,8,0,451,831,92,1,0,0,0,0,0
"10856.E42L.feces.49w.HFD.CD8kMup.5.16",0,0,12,23,78,153,2111,624,5,535,5340,46,4,0,0,0,0,0,80,0,9,0,1863,4,8,50,16,223,5,313,567,626,0,0,4,0,0,102,110,7,0,0,0,4,3,1
"10856.E55L.feces.16w.STAM.FVB.CD8k.1.10",0,0,1,11,1,1,3912,59,19,605,6540,0,2,0,0,1,0,0,13,0,0,2,417,0,0,6,11,325,0,84,326,282,0,0,14,0,0,143,109,13,9,0,0,16,0,0
"10856.E9L.feces.NC.MupHe.4",0,0,153,3,51,22,1115,158,3985,152,3657,2,10,0,0,0,0,0,333,0,0,39,854,2,9,15,41,381,3,60,329,176,0,0,437,0,0,192,682,21,2,1,0,38,0,2
"10856.Ex3.NoHFD.10.feces.MupHe.14",0,0,75,3,83,13,1261,150,4748,57,4157,0,4,0,0,0,0,0,491,0,1,1,156,3,3,12,2,89,2,15,87,505,0,0,628,0,0,41,301,13,0,1,0,19,0,5
"10856.FVB.B.TGFbR.Feces.10w.NC.3.39",2,0,1,8,1,0,1043,85,2343,1045,2259,0,198,0,0,0,0,2,108,0,1,0,2444,10,4,6,71,1942,0,1,470,17,10,13,107,16,1,232,423,4,17,12,0,4,21,1
"10856.FVB.B.TGFbR.Feces.11w.NC.6.43",0,0,1,6,0,1,1399,181,4092,159,5990,0,9,0,0,0,0,0,223,0,2,0,250,6,6,7,8,122,0,1,110,29,0,0,149,0,0,30,116,9,0,2,0,2,1,16
"10856.FVB.CD8k.Feces.7w.NC.4.59",0,0,0,3,0,0,994,42,1165,2,4205,0,576,1,0,11,0,0,54,0,0,0,3156,3,0,26,9,1274,0,0,514,15,19,28,36,29,16,111,581,2,24,28,0,1,0,0
"10856.FVB.JH.Feces.11w.NC.2.23",0,0,0,5,357,1,2067,88,1,391,8191,0,16,0,0,0,0,0,165,0,0,0,749,5,0,3,5,378,0,0,291,15,0,0,65,0,0,35,36,7,4,46,0,3,0,1
"10856.FVB.JH.Feces.11w.NC.3.24",0,0,0,22,161,1,1233,86,1,273,4119,0,423,0,0,0,0,0,14,0,0,0,4170,6,0,1,39,1515,0,1,372,24,0,0,64,0,0,121,86,7,7,178,0,0,0,1
"10856.FVB.JH.Feces.9w.NC.5.26",0,0,0,4,203,0,1288,88,1,343,6711,8,23,0,0,4,4,0,39,0,0,30,2255,3,0,175,15,850,0,1,452,11,0,0,78,0,0,52,19,5,10,242,0,9,0,0
"10856.FVB.JH.Feces.9w.NC.6.27",0,2,0,3,412,1,1052,92,1,430,7169,0,18,0,0,6,5,0,448,0,0,408,1209,8,0,347,11,486,0,0,395,25,7,43,77,12,6,34,53,4,15,140,0,2,1,1
"10856.FVB.TGFbRff.Feces.10w.NC.1.35",0,0,0,11,1,1,1540,75,3291,222,5682,0,2,8,0,0,0,0,57,0,1,0,620,11,6,4,9,423,0,0,128,127,17,38,258,8,1,22,326,6,19,0,0,2,4,2
"10856.FVB.TGFbRff.Feces.11w.NC.3.40",0,0,0,2,0,0,1042,175,3181,244,6645,7,2,1,0,0,0,0,297,0,1,0,327,5,3,1,4,90,0,0,114,87,12,29,200,18,1,19,186,14,19,0,0,2,4,188
"10856.B6.CD8K.Feces.13w.NC.2.2",0,0,28,18,1,1,66,19,1343,68,8650,0,7,0,0,0,0,0,217,0,1,64,1122,10,0,4,6,525,0,1,204,48,0,0,141,0,0,25,5,7,0,138,0,37,0,171
"10856.E18L.feces.27w.NC.IgAkCLM.3.22",0,0,43,16,71,48,516,235,1130,227,6872,2,11,0,0,0,0,0,366,0,0,0,1361,14,12,20,50,267,0,0,448,209,0,0,229,0,0,237,504,2,4,0,0,23,2,6
"10856.E27L.feces.50w.NC.CD8kCLM.1.22",0,0,74,56,57,1,3533,138,0,648,5413,0,213,0,0,0,0,0,330,0,2,109,340,10,1,9,3,219,0,0,207,523,0,0,382,0,0,23,551,5,0,0,0,74,2,0
"10856.E29L.feces.28w.HFD.CD8kCLM.3.6",0,0,6,75,3,0,2394,105,1,57,2157,4,117,0,0,0,0,0,74,0,1,0,3599,6,4,16,40,583,75,114,1358,755,0,0,13,0,0,888,457,6,0,0,0,10,0,8
"10856.E29L.feces.30w.HFD.CD8kCLM.2.5",0,0,21,105,60,125,205,181,2,395,1785,0,1475,0,0,0,0,0,130,0,0,0,1805,1,0,1,21,482,11,0,740,1309,0,0,16,0,0,810,3238,5,0,0,0,0,1,1
"10856.E30L.feces.47w.HFD.CD4HeCLM.1.3",0,0,104,1,1,1,896,173,1,163,1620,0,15,0,0,2,0,0,94,0,4,0,4796,6,0,0,25,805,0,0,1609,64,0,0,78,0,0,393,299,1,0,0,0,0,0,1775
"10856.E36L.feces.50w.NC.CD8kCLM.2.25",0,0,28,20,80,36,373,41,683,443,4026,23,15,0,0,0,0,0,299,0,0,306,3316,5,2,25,28,1263,3,6,961,264,0,0,87,0,0,136,445,4,0,0,0,5,0,1
"10856.E36L.feces.50w.NC.CD8kMup.2.24",0,0,51,29,219,55,476,54,412,871,6127,10,5,0,0,0,0,0,434,0,1,323,1269,6,2,55,26,656,0,7,872,394,0,0,98,0,0,236,220,4,0,0,0,9,1,1
"10856.E38L.feces.25w.NC.MupHe.2.19",0,0,1,4,60,168,120,9,2662,607,3023,11,133,0,0,0,0,0,32,0,2,0,1996,5,3,7,38,771,7,0,1326,15,0,0,73,0,0,102,1741,4,0,0,0,1,3,0
"10856.E38L.feces.25w.NC.MupHe.3.20",2,0,2,5,82,99,306,27,2809,593,3028,93,188,11,0,0,0,2,68,0,1,0,2577,5,2,5,32,846,4,0,1004,24,2,4,56,0,0,51,927,11,0,0,0,51,5,0
"10856.E45L.feces.22w.STAM.FVB.JH.4.8",0,0,143,260,520,0,1567,897,2,1107,3875,11,6,0,0,2,8,0,326,0,1,20,1179,0,0,323,9,421,0,305,898,891,0,0,65,0,0,47,6,23,9,0,0,0,4,1
"10856.E4L.HFD.feces.oxpluspdl1.MupHe.3",0,0,4,161,0,130,966,143,1,581,7451,0,3,0,0,0,0,0,357,0,0,0,383,4,0,31,3,204,2,62,258,1419,0,0,313,0,0,328,7,9,8,0,0,90,1,1
"10856.E55L.feces.16w.STAM.FVB.CD8k.2.11",0,3,0,25,1,0,1530,36,5,7,1953,0,28,0,0,0,0,0,23,2,1,0,2612,4,0,2,44,2841,0,8,1878,80,0,0,1,0,0,1424,287,10,9,2,0,108,0,0
"10856.FVB.CD8k.Feces.20w.NC.1.56",0,0,7,6,0,0,1447,69,1052,27,6287,0,7,0,0,3,0,0,53,0,2,27,2364,1,0,2,5,571,0,0,577,12,0,0,53,0,0,24,219,5,0,99,0,2,0,0
"10856.FVB.CD8k.Feces.20w.NC.2.57",0,0,71,11,1,0,1733,116,1008,20,5838,0,6,0,0,0,0,0,69,0,1,86,2008,3,0,2,10,541,1,0,777,70,0,0,57,0,0,25,390,5,8,64,0,6,1,0
"10856.FVB.CD8k.Feces.7w.NC.3.58",0,0,0,7,1,0,657,46,734,3,3315,0,483,0,0,0,0,0,13,0,0,0,4746,3,0,10,48,1196,0,1,721,14,2,44,18,30,10,225,554,19,5,13,0,2,0,2
"10856.E12L.feces.38w.HFD.CD4HeMup.16",0,0,13,30,222,432,479,324,1,1189,3211,0,31,0,0,0,0,0,117,0,1,0,1933,3,4,18,12,387,22,19,1195,2257,0,0,3,0,0,697,156,9,1,0,0,156,4,0
"10856.E16L.feces.40w.HFD.CD8k.CLM.1.6",0,0,117,150,1,32,1172,942,4,227,2339,1,8,0,0,0,0,0,1144,0,1,0,187,0,0,34,2,64,1,57,156,6192,0,0,5,0,0,32,48,7,0,0,0,0,0,0
"10856.E16L.feces.40w.HFD.CD8k.Mup.2.4",0,0,89,72,3,480,687,389,3,298,3346,0,7,0,0,0,0,0,184,0,0,0,2477,5,0,40,17,609,4,49,1462,2524,0,0,3,0,0,93,70,2,5,0,0,0,6,1
"10856.E17L.feces.42w.HFD.CD4HeMup.3.8",0,0,76,144,45,65,648,485,0,314,1290,0,1143,0,0,0,0,0,372,0,0,0,1984,3,3,8,29,1303,2,22,942,3218,0,0,0,0,0,404,407,7,8,0,0,1,0,0
"10856.E18L.feces.23w.NC.IgAkMup.4.28",0,0,50,8,5,31,358,144,3181,176,3644,2,57,0,0,0,0,0,148,0,1,0,2023,10,2,9,35,385,0,0,816,178,0,0,318,0,0,340,991,5,3,0,0,1,0,0
"10856.E18L.feces.23w.NC.IgAkMup.5.29",0,0,4,7,22,61,152,42,109,261,3498,1,114,0,0,0,0,0,187,0,0,0,2776,9,4,4,17,1284,4,0,2132,113,0,0,557,0,0,327,1213,11,7,1,0,4,4,2
"10856.E18L.feces.25w.NC.IgAkCLM.5.26",10,0,24,4,13,19,885,381,2337,285,2638,0,50,1,0,0,3,4,229,0,0,1,1596,8,9,28,58,527,0,1,746,26,0,10,276,1,0,246,2482,6,13,0,0,2,3,1
"10856.E18L.feces.27w.NC.IgAkCLM.4.23",0,0,0,0,40,7,1815,333,1421,128,2125,3,122,0,0,0,0,0,276,0,0,0,4656,3,1,1,39,673,0,0,571,17,0,0,22,0,0,117,543,5,5,0,0,1,3,0
"10856.E20L.feces.45w.HFD.IgAkMup.5.10",3,0,6,9,46,53,444,424,1,164,553,0,1087,4,0,6,0,0,159,0,1,0,1907,6,3,28,36,722,7,69,1160,405,0,23,0,0,0,4270,1265,6,15,0,0,39,1,0
"10856.E22L.feces.26w.HFD.CD8kMup.5.17",0,0,1,19,118,62,1616,938,0,635,1469,0,788,0,0,0,0,0,11,0,0,0,2822,2,1,1,4,568,4,0,791,210,0,0,5,0,0,1319,1526,7,6,0,0,0,0,0
"10856.E23La.feces.47w.ctrl.HFD.MupHe.CD4he.1.1",0,0,6,9,95,117,911,190,1,1017,2037,0,65,0,0,0,0,0,17,0,0,0,3789,0,0,2,28,763,3,1,1450,26,0,0,6,0,0,2058,331,2,0,0,0,0,0,0
"10856.E23La.feces.49w.ctrl.HFD.MupHe.Cd4he.1.2",0,0,11,17,13,189,106,107,1,985,2317,0,555,0,0,4,0,0,43,0,0,0,3635,1,1,0,12,970,8,3,1874,132,0,0,11,1,0,1505,419,7,0,0,0,0,0,0
"10856.E23La.feces.51w.LALAPG.HFD.MupHe.3.11",3,0,3,6,72,201,2510,1899,2,897,2366,0,4,1,2,0,0,0,34,0,3,0,1151,1,0,1,42,1723,6,33,1210,115,20,8,10,14,4,387,148,6,45,0,0,0,0,0
"10856.E23La.feces.51w.ctrl.HFD.MupHe.2.5",0,0,8,17,15,179,110,153,0,238,676,0,34,0,0,6,0,0,12,0,0,0,5918,4,0,0,56,1240,0,28,2180,324,0,0,0,0,0,1587,139,2,0,0,0,0,0,0
"10856.E23Lb.feces.51w.ctrl.HFD.IgAkCLM.1.30",0,0,50,8,3,11,374,76,1,100,965,0,141,0,0,0,0,0,1045,0,0,0,3031,3,0,10,47,1836,0,14,625,201,0,0,20,0,0,4011,341,5,5,0,0,0,0,1
"10856.E24L.feces.47w.NC.IgAkMup.1.19",0,0,47,12,31,23,834,401,2213,168,5067,0,13,0,0,0,0,0,292,0,0,4,1315,9,2,21,57,252,0,31,455,270,0,0,491,0,0,296,489,9,10,1,0,51,0,59
"10856.E24L.feces.48w.HFD.IgAkMup.9.17",0,0,7,18,141,72,795,62,3,236,752,0,297,0,0,0,0,0,397,0,1,0,2297,4,8,10,35,938,10,74,911,372,0,0,1,0,0,5235,53,5,6,0,0,183,3,0
"10856.E24L.feces.49w.HFD.IgAkMup.2.7",0,0,0,91,394,140,476,261,1,106,2670,0,59,0,0,0,0,0,208,0,0,0,2645,28,1,51,35,818,5,115,1380,1383,0,0,6,0,0,1998,41,11,0,0,0,0,0,1
"10856.E24Lb.feces.50w.HFD.CD4HeMup.1.1",0,0,13,13,86,119,808,320,1,592,2559,0,606,0,0,0,0,0,578,0,1,0,2567,6,8,13,45,553,2,35,1425,1719,0,0,3,0,0,480,319,1,4,0,0,0,0,48
"10856.E24Lb.feces.50w.HFD.CD4HeMup.2.2",0,0,19,2,72,120,396,245,0,528,671,0,644,0,0,0,0,0,245,0,2,0,3900,0,0,1,28,930,7,10,2106,498,0,0,0,0,0,1751,706,4,0,0,0,0,0,35
"10856.E25L.feces.48w.HFD.CD8HeMup.1.14",1,0,9,27,125,182,1053,197,3,986,1406,2,162,0,0,3,0,0,113,0,0,0,3638,16,2,25,45,648,16,54,1940,222,1,0,13,0,0,1187,839,5,0,0,0,0,3,1
"10856.E25L.feces.49w.HFD.CD8kCLM.4.9",0,0,48,59,15,55,246,161,1,297,1417,0,73,1,0,2,0,0,555,0,0,0,2450,21,4,9,30,1280,39,51,1990,3088,0,0,0,0,0,809,212,4,0,2,0,0,2,3
"10856.E25L.feces.49w.HFD.CD8kMup.1.1",0,0,27,9,34,36,426,406,1,789,2262,0,22,0,0,0,0,0,161,0,2,0,1841,9,2,36,30,1285,48,665,1551,1752,0,0,2,0,0,1162,355,6,0,0,0,0,3,1
"10856.E26L.feces.27w.HFD.Muphe.1.25",1,0,60,4,12,17,417,193,2534,113,5455,0,16,0,0,1,0,3,828,0,4,0,927,15,2,4,32,514,0,6,289,335,0,0,317,5,0,187,596,7,9,0,0,13,1,6
"10856.E26L.feces.27w.NC.B6.CR.4.31",0,0,0,8,8,1,531,93,641,459,2070,12,85,0,0,0,0,0,362,0,0,0,4425,21,10,19,47,1883,36,1,2094,31,0,0,29,0,0,11,6,11,1,1,0,27,1,2
"10856.E26L.feces.48w.HFD.IgAK.CLM.1.10",0,0,36,32,1057,45,3212,967,0,147,817,0,86,0,0,0,0,0,178,0,0,0,906,9,0,33,36,417,0,123,324,637,0,0,0,0,0,2862,998,3,0,0,0,0,0,0
"10856.E26L.feces.48w.HFD.ctrl.IgAKMup.1.1",0,0,16,36,110,75,962,528,2,219,1507,0,310,0,0,0,0,0,257,0,0,0,2898,2,1,0,42,712,0,0,912,423,0,0,0,0,0,3669,235,5,0,0,0,0,2,0
"10856.E27L.feces.27w.NC.CD8kCLM.1.24",0,1,56,13,10,18,391,69,1002,133,9106,2,1,0,0,0,0,0,11,0,1,61,461,0,1,7,9,106,1,0,148,1091,0,0,127,0,0,19,63,8,7,1,0,2,1,0
"10856.E27L.feces.27w.NC.CD8kCLM.1.25",11,1,26,35,43,144,187,75,294,344,6319,1,3,8,0,0,0,0,13,0,0,67,2021,9,3,12,58,944,5,1,808,827,23,0,68,0,0,358,197,8,7,0,0,4,1,1
"10856.E27L.feces.47w.HFD.CD8kMup.3.18",0,0,10,5,21,33,482,552,2,175,606,1,4,0,0,0,0,0,121,0,0,0,2424,8,0,4,49,1301,19,115,1313,46,0,0,14,0,0,1019,591,5,1,0,0,0,0,4004
"10856.E27L.feces.50w.HFD.CD4He.WT.11",0,0,12,44,48,126,607,126,0,429,1088,0,638,0,0,4,0,0,35,0,0,0,5220,5,0,2,39,1339,9,17,1691,155,0,0,1,0,0,593,687,6,0,0,0,0,0,4
"10856.E27L.feces.50w.NC.CD8kMUp.1.23",2,0,48,75,25,0,1077,84,0,498,3812,0,89,8,3,0,0,3,92,0,2,95,1442,22,3,17,14,1886,0,0,1733,338,0,0,516,5,0,658,271,9,1,0,0,89,5,1
"10856.E27L.feces.51w.NC.CD4HeMup.1.31",0,0,3,7,69,70,476,56,1956,168,7634,15,7,7,0,2,0,0,11,0,2,87,396,0,1,8,5,62,0,40,157,1212,0,0,219,0,0,5,220,1,4,0,0,22,3,0
"10856.E29L.feces.32w.HFD.B6wt.2.2",0,0,4,10,190,116,557,225,2,628,356,13,431,2,0,0,1,0,40,0,1,0,4895,2,6,4,31,1111,61,25,2660,165,0,3,1,0,0,1208,157,9,2,0,0,1,4,1
"10856.E36L.feces.27w.NC.CD8kMup.1.27",0,0,2,25,27,68,191,35,179,216,6683,1,2,0,0,0,0,0,564,0,0,63,2276,4,6,107,55,1011,0,117,571,118,0,0,10,0,0,526,41,3,0,0,0,12,6,4
"10856.E36L.feces.50w.NC.CD8kCLM.1.23",0,0,15,18,41,55,165,21,204,480,4996,2,112,0,0,0,0,0,220,0,0,132,2009,5,5,12,33,693,10,3,2000,252,0,0,122,0,0,313,987,0,0,0,0,16,6,0
"10856.E36L.feces.50w.NC.CD8kMup.1.22",0,0,66,38,165,103,326,52,529,1256,5220,3,12,0,0,0,0,0,1042,0,3,526,1070,2,7,14,19,511,0,31,690,569,0,0,60,0,0,190,383,6,0,0,0,22,10,0
"10856.E38L.feces.25w.NC.MupHe.1.18",1,0,0,2,65,201,819,13,3997,441,2475,0,29,3,0,0,0,1,223,0,0,1,2291,2,3,0,14,1048,3,0,737,22,2,0,85,0,1,39,366,15,2,0,0,21,2,0
"10856.E40L.feces.47w.NC.B6.2.5",0,0,1,7,77,11,677,916,1984,256,7462,20,3,0,0,0,0,0,94,0,0,1,204,3,7,1,39,361,0,0,284,94,0,0,39,0,0,24,52,3,5,3,0,2,3,290
"10856.E40L.feces.50w.HFD.B6.3.3",0,0,99,5,133,1,915,155,4,881,2422,13,155,0,1,1,0,1,151,0,83,14,3782,15,1,37,31,803,19,14,1766,34,0,5,3,0,0,744,218,14,1,42,0,17,0,343
"10856.E41L.feces.19w.STAM.B6.B.TGFb.1.11.FVB",0,0,10,6,0,31,1986,433,2,351,1308,0,43,0,0,1,0,0,103,0,0,0,2236,4,7,33,27,808,18,56,781,1892,0,0,16,0,0,1812,181,9,0,0,0,8,3,760
"10856.E41L.feces.19w.STAM.B6.B.TGFb.2.12.FVB",0,0,9,0,0,72,962,805,0,136,882,0,145,0,0,0,0,0,57,0,0,1,2425,8,3,2,28,920,5,28,770,1400,0,0,7,0,0,3223,110,6,7,0,0,0,0,913
"10856.E41L.feces.19w.STAM.B6.B.TGFb.3.13.FVB",0,0,25,7,1,27,1249,353,2,201,2158,0,14,0,0,0,0,0,141,0,3,0,821,3,5,15,5,231,4,49,394,3816,0,0,50,0,0,465,75,7,0,0,0,6,2,2795
"10856.E41L.feces.19w.STAM.B6.TGFbff.WT.2.15.FVB",0,0,2,3,0,80,723,447,0,344,1423,0,112,1,0,0,0,0,11,0,1,0,2743,5,1,1,34,532,14,28,1266,479,15,30,14,6,4,4164,288,4,11,0,0,5,1,133
"10856.E41L.feces.20w.STAM.JH.3.3",0,0,35,3,282,0,3352,1681,0,1925,2881,0,61,0,0,0,0,0,63,0,0,0,482,4,0,6,6,204,0,80,362,1160,0,0,130,0,0,49,127,5,13,4,0,2,6,0
"10856.E41L.feces.20w.STAM.JH.6.6",0,0,7,13,755,370,895,982,1,1575,1617,14,1,0,0,5,0,0,34,0,0,0,2923,16,3,38,24,1217,30,197,1359,391,0,0,89,0,0,249,101,6,0,0,0,11,0,0
"10856.E41L.feces.20w.STAM.JH.7.7",0,0,6,6,121,163,1049,390,1,824,1265,16,2,0,0,0,0,0,37,0,0,0,4623,9,6,28,30,1258,21,64,2179,226,0,0,11,0,0,525,28,9,3,0,0,23,2,1
"10856.E42L.feces.48w.HFD.CD8kMup.7.18",0,0,3,23,4,0,530,31,5,36,1885,0,34,0,0,0,0,0,173,0,0,0,5472,10,0,20,25,717,13,37,1853,589,0,0,1,0,0,1272,178,9,0,1,0,0,1,1
"10856.E42L.feces.48w.HFD.CD8kMup.8.19",0,0,18,26,7,0,1099,33,3,95,4348,0,41,0,0,0,0,0,404,0,0,0,2378,16,0,43,20,666,26,34,1588,804,0,0,8,0,0,1136,127,3,0,0,0,0,0,0
"10856.E45L.feces.21w.STAM.FVB.IgAk.1.9",0,0,4,6,133,108,565,15,1,348,891,0,166,0,0,0,0,0,9,0,0,0,6985,8,0,5,21,1389,0,55,1371,89,0,0,4,0,0,695,23,14,7,7,0,6,0,0
"10856.E45L.feces.22w.STAM.FVB.JH.1.5",0,1,17,77,527,0,2219,868,1,1805,3291,5,0,0,0,3,1,0,144,0,1,26,1649,0,0,370,13,530,0,352,621,293,0,0,17,0,0,72,7,4,5,0,0,0,3,0
"10856.E46L.feces.51w.HFD.RagkMup.1.7",0,0,62,121,2,91,20,2,2,545,823,2,93,0,0,0,0,0,1067,0,1,0,608,1,0,128,23,197,4,261,871,1351,0,0,1123,0,0,3652,1864,9,0,0,0,0,0,1
"10856.E46L.feces.51w.HFD.RagkMup.3.9",0,1,90,92,37,75,136,16,4,162,674,1,98,0,0,0,0,0,1745,0,1,0,1563,1,0,46,30,390,14,546,841,2667,11,2,109,0,0,1963,1598,3,0,0,0,0,8,1
"10856.E47L.feces.20w.STAM.FVB.B.TGFbR.1.16",19,0,36,1,2,1,2256,737,1,453,2455,1,64,4,0,0,0,0,171,0,0,0,1675,8,2,21,27,327,1,4,667,1997,1,8,61,0,0,1715,202,7,0,0,0,0,0,1
"10856.E47L.feces.20w.STAM.FVB.B.TGFbR.3.18",0,0,3,6,0,1,146,132,1,164,2760,0,813,0,0,0,0,0,73,0,0,0,3344,14,0,0,39,1221,33,1,817,124,0,0,123,0,0,2482,612,4,8,0,0,0,1,1
"10856.E47L.feces.20w.STAM.FVB.B.TGFbR.4.19",0,0,17,18,28,0,405,124,2,180,4242,0,29,0,0,0,0,0,204,0,3,0,1975,25,2,54,13,937,16,126,862,2651,0,0,51,0,0,871,28,6,4,0,0,40,8,1
"10856.E47L.feces.20w.STAM.FVB.B.TGFbR.5.20",0,0,7,5,39,0,417,184,2,303,1299,0,547,0,0,0,0,0,99,0,0,0,1816,3,2,7,29,678,12,23,687,1044,0,0,17,0,0,5424,260,7,10,0,0,2,1,0
"10856.E47L.feces.20w.STAM.FVB.B.TGFbR.6.21",0,0,7,19,90,0,325,117,1,407,2504,0,863,0,0,1,0,0,91,0,1,0,1566,5,1,10,70,729,23,31,1104,1139,0,0,17,0,0,3064,710,2,0,0,0,29,0,0
"10856.E47L.feces.20w.STAM.FVB.B.TGFbR.7.22",0,0,37,7,80,0,1242,609,2,498,3819,1,16,0,3,0,2,0,493,0,2,0,870,4,6,105,5,609,5,85,427,3303,0,0,30,0,0,610,17,7,6,1,0,21,2,0
"10856.E47L.feces.20w.STAM.FVB.TGFbRff.1.15",0,0,36,14,1,0,652,226,1,249,7271,0,14,0,0,7,0,0,557,0,1,0,380,4,5,0,4,286,1,0,238,2391,0,0,192,0,0,280,108,5,0,0,0,1,0,0
"10856.E4L.HFD.feces.ox.MupHe.2",0,0,1,18,3,258,570,334,2,783,6389,0,175,0,0,0,0,0,159,0,0,0,1373,6,0,29,9,239,2,66,522,356,0,0,299,0,0,1009,270,11,10,0,0,28,1,2
"10856.E4L.HFD.feces.oxpluspdl1.MupHe.7",1,0,15,9,65,11,571,276,1,49,2941,0,17,1,0,8,0,1,786,0,5,0,707,16,6,15,10,767,2,117,475,2033,14,45,470,28,4,442,19,377,20,0,0,0,0,2602
"10856.E4L.feces.ctrl.Mup.IgAk.15",0,0,8,319,1,51,175,123,1,98,1593,0,123,0,0,0,0,2,1267,0,2,1,785,8,0,11,15,886,5,397,390,3809,0,0,129,0,0,633,234,1613,0,0,0,237,6,2
"10856.E4L.feces.ctrl.MupHe.1",0,0,19,238,0,149,355,74,0,548,1276,0,13,0,0,0,0,0,1491,0,1,0,829,9,0,97,24,785,9,158,731,4574,0,0,7,0,0,1393,77,2,5,0,0,55,5,0
"10856.E4L.feces.ctrl.MupHe.8",0,0,10,98,555,122,810,171,2,176,3642,0,18,0,0,0,0,0,244,0,2,0,929,5,0,37,5,338,0,40,310,4225,0,0,701,0,0,145,321,7,3,0,0,9,0,1
"10856.E50L.feces.25w.HFD.RagkMup.4.7",0,0,27,24,26,55,962,60,0,352,1911,0,193,0,0,0,0,0,25,0,3,0,248,0,0,0,3,236,13,127,473,2149,0,0,1967,0,0,555,3502,11,0,0,1,0,0,0
"10856.E50L.feces.26w.HFD.RagkMup.2.2",0,0,4,76,148,238,162,48,1,353,2254,0,59,0,0,1,0,1,25,0,7,0,3691,4,0,22,29,1781,0,95,2065,424,0,0,3,0,0,1060,360,14,0,1,0,0,1,0
"10856.E51L.Col.Fe.51w.HFD.CD8kMup.1.8",1,0,0,3,62,167,258,43,0,891,462,0,401,2,0,7,0,0,19,0,0,0,2797,10,0,0,32,831,43,5,1843,252,4,6,4,0,0,1272,3499,4,4,0,0,1,0,0
"10856.E51L.SI.Fe.47w.HFD.CD8kMup.3.10",0,0,128,159,1,0,5,4,2,3,437,0,2,3,0,0,0,0,3812,0,10,0,98,0,0,49,0,81,0,704,26,6831,0,2,5,2,0,529,14,12,0,0,0,0,2,1
"10856.E51L.SI.Fe.48w.HFD.IgAkMup.4.7",1,0,565,141,0,1,3,4,2,27,672,1,1,1,1,11,0,1,5834,0,4,0,106,1,0,73,0,91,0,938,28,4238,0,0,11,0,0,108,52,8,0,0,0,1,1,1
"10856.E52L.Col.Fe.47w.HFD.RagkMup.3.7",0,0,1,1,6,28,4429,455,1,172,698,0,1,0,0,0,0,7,11,0,4,0,877,3,3,1,11,542,0,20,342,1774,0,0,14,0,0,98,353,3074,0,0,0,0,1,0
"10856.E52L.Col.Fe.49w.HFD.RagkMup.2.6",0,0,13,44,5,172,54,99,0,338,411,0,581,3,0,0,0,0,225,0,15,0,1835,17,0,0,39,698,13,0,2133,1682,6,0,58,1,0,1557,2912,8,0,0,0,0,3,0
"10856.E9L.feces.NC.CLM.Mup.6",0,0,2,4,3,99,495,24,2415,407,1706,5,18,0,0,0,0,5,397,0,1,0,4301,5,1,15,22,1469,0,0,704,63,0,0,48,0,0,60,367,263,2,17,0,6,1,0
"10856.Ex3.HFD.11.feces.Mup.IgA..7",0,0,6,34,110,16,392,188,1,71,866,0,110,0,0,0,0,0,34,0,1,0,2655,8,2,8,26,1021,0,65,710,984,0,0,16,0,0,5521,69,9,0,0,0,0,1,1
"10856.FVB.B.TGFbR.Feces.10w.NC.2.38",0,0,0,2,0,0,553,42,739,421,1609,0,599,0,0,1,0,5,31,0,0,0,3966,1,2,3,73,2448,0,0,664,10,11,42,103,16,9,282,1249,5,18,12,0,1,4,1
"10856.FVB.B.TGFbR.Feces.11w.NC.4.41",0,0,0,6,0,0,1213,141,1771,276,7676,0,5,0,0,0,0,0,502,0,1,0,456,3,3,2,2,144,0,0,81,144,0,0,215,0,0,15,189,16,8,0,0,2,4,49
"10856.FVB.B.TGFbR.Feces.11w.NC.5.42",0,0,1,4,0,0,1150,299,3176,430,5314,2,10,0,0,0,0,0,574,0,0,0,735,5,9,5,6,353,0,0,197,38,0,2,178,0,0,36,210,57,11,12,0,0,2,110
"10856.FVB.Feces.25w.NC.1.54",0,0,1,6,103,0,1266,71,2463,733,4178,93,19,0,0,1,0,0,215,0,0,0,2042,13,6,20,17,659,6,0,607,15,10,17,32,11,5,19,3,221,19,11,0,5,8,25
"10856.FVB.IgAK.Feces.16w.NC.5.34",0,0,13,4,76,142,1035,165,644,106,9449,0,2,0,0,0,0,0,98,0,1,95,341,4,0,1,4,154,0,0,78,123,0,0,101,0,0,16,218,6,3,24,0,14,1,6
"10856.FVB.JH.Feces.11w.NC.1.22",0,0,0,16,335,0,1627,55,1,343,5611,0,122,0,0,0,0,0,35,0,0,0,2579,8,0,2,25,1225,0,0,493,9,0,0,32,1,0,95,158,4,7,138,0,4,1,0
"10856.FVB.JH.Feces.9w.NC.4.25",0,1,1,3,243,1,1460,108,1,325,7132,2,798,0,0,0,1,1,151,0,0,74,1041,1,0,271,4,512,0,0,413,20,0,0,78,1,0,17,124,7,4,126,0,6,0,0
"10856.FVB.TGFbRff.Feces.10w.NC.2.36",0,0,0,4,0,0,1257,62,3654,307,4917,0,56,0,0,0,0,0,69,0,2,0,793,6,0,0,13,748,0,0,233,21,0,1,149,0,0,39,576,7,1,1,0,3,5,1
"10856.FVB.TGFbRff.Feces.11w.NC.4.44",0,0,0,3,1,0,1731,231,4304,225,4262,0,7,0,0,0,0,1,332,0,0,0,429,2,3,1,6,153,0,0,95,98,0,0,151,0,0,25,805,14,5,9,0,3,4,26
"10856.B6.WT.Feces.8w.NC.1.4",0,0,0,4,34,39,270,19,1763,300,8834,3,4,0,0,0,0,0,355,0,1,0,679,3,1,37,1,209,1,0,141,88,0,0,36,0,0,27,32,9,1,7,0,22,2,1
"10856.E24Lb.feces.48w.HFD.CD4HeMup.4.8",3,0,0,6,115,315,199,222,1,804,1204,0,590,12,2,6,4,0,39,0,0,0,3952,2,3,3,30,1396,12,22,1376,198,0,2,3,0,1,1407,976,6,7,0,0,4,0,1
"10856.E4L.HFD.feces.oxpluspdl1.MupHe.10",0,0,13,168,343,39,672,141,1,278,4269,0,23,0,0,0,0,0,1110,0,4,0,101,3,4,1062,1,168,0,243,182,3446,5,14,384,5,2,142,54,3,10,0,0,33,0,0
"10856.Ex3.NoHFD.10.feces.MupHe.12",0,0,6,9,0,1,2523,182,1051,109,2602,1,109,0,0,0,0,0,293,0,0,0,3024,2,0,12,39,542,0,0,168,148,0,0,464,0,0,185,314,12,0,1,0,1,0,1127
"10856.E41L.feces.20w.STAM.JH.2.2",0,0,12,2,227,0,1487,745,1,986,2185,0,27,0,0,0,0,0,30,0,0,0,2771,1,0,24,34,1042,0,128,1666,851,0,0,139,0,0,462,78,7,7,4,0,2,6,1
"10856.E14L.feces.39w.HFD.IgMk.MupHe.1.16",0,0,0,15,97,43,1110,731,0,401,818,0,99,0,0,0,0,0,63,0,1,0,4749,2,2,7,36,586,0,37,2175,262,0,0,1,0,0,566,1052,9,0,0,2,53,4,2
"10856.B6.Ighel.MD4.Feces.21w.NC.1.45",0,0,0,14,83,134,2056,28,606,645,6448,2,7,0,0,0,0,0,781,0,0,0,990,2,2,44,8,527,0,0,308,20,0,0,66,0,0,42,48,6,5,50,0,3,1,0
"10856.B6.Ighel.MD4.Feces.21w.NC.5.49",0,0,1,4,69,200,608,9,1044,1061,8684,3,6,0,0,0,0,0,144,0,0,0,553,1,4,31,3,177,0,0,164,11,0,0,27,0,0,20,47,14,7,25,0,3,1,0
"10856.B6.PIGRK.Feces.6w.NC.4.65",0,0,2,0,4,39,5002,1828,2164,540,2004,0,49,0,0,0,0,0,101,0,1,0,36,0,0,1,1,341,0,1,22,12,0,0,248,0,0,104,315,110,1,1,0,0,0,2
"10856.E41L.feces.19w.STAM.B6.TGFbff.WT.1.14.FVB",0,0,20,5,0,12,1042,128,0,181,1084,0,7,0,0,0,0,0,49,0,6,0,2695,5,2,7,23,861,24,39,746,2247,0,0,10,0,0,1280,45,1,5,0,0,10,5,2384
"10856.E15L.feces.45w.HFD.IgACLM.3.9",2,0,7,15,45,17,129,74,1,220,290,0,211,8,0,0,0,0,214,0,1,0,2116,1,5,3,35,992,9,23,1390,210,8,0,5,7,0,6465,400,10,9,0,0,0,1,2
"10856.E15L.feces.45w.HFD.MupHe.1.1",0,0,16,97,87,0,627,128,4,41,4173,0,12,5,0,0,0,0,2496,0,0,0,827,14,0,5,16,361,0,191,201,2888,0,16,545,0,0,105,51,15,3,0,0,0,0,0
"10856.E32L.feces.30w.HFD.CD8kMup.3.5",0,0,25,127,115,124,257,291,2,475,1264,1,19,0,0,0,0,0,1542,0,0,0,2181,8,0,2,53,582,14,0,760,2250,0,0,7,0,0,720,2088,6,7,0,0,3,2,0
"10856.E18L.feces.27w.NC.B6WT.2.31",0,0,0,1,44,182,594,68,875,370,6885,22,389,0,0,0,0,1,159,0,0,0,1689,4,4,9,9,439,4,0,629,94,0,0,128,0,0,98,104,9,0,0,0,112,1,0
"10856.E23Lb.feces.50w.ctrl.HFD.IgAkMup.3.22",0,0,88,69,28,21,59,75,1,443,140,0,1209,0,0,0,0,0,84,0,2,0,1835,2,0,2,4,728,0,8,295,849,0,0,7,0,0,4245,2717,8,4,0,0,0,0,1
"10856.E19L.feces.47w.HFD.CD8HeMup.1.3",17,0,6,18,15,155,597,365,10,1175,1494,0,343,0,0,14,0,12,215,0,0,1,3098,8,0,3,31,775,23,8,1599,692,0,15,0,1,0,1015,1208,10,1,0,0,0,0,0
"10856.E22L.feces.29w.HFD.IgAkMup.2.8",23,0,2,4,480,12,192,70,1,51,64,0,1449,3,0,0,0,0,98,0,0,0,805,1,0,4,7,226,0,6,253,81,0,0,17,0,0,5324,3700,12,34,0,0,4,0,1
"10856.E23La.feces.51w.LALAPG.HFD.MupHe.1.9",0,0,1,6,29,171,1400,837,5,261,722,0,644,3,5,0,0,0,12,0,0,0,821,6,1,0,105,499,14,24,2707,11,10,24,22,14,1,2138,1487,3,5,0,0,1,0,939
"10856.E24L.feces.49w.HFD.IgAkCLM.4.5",0,0,1,26,209,14,393,49,1,36,188,0,1309,5,0,5,0,0,1033,0,0,0,1100,0,0,8,11,634,2,31,640,489,0,0,1,1,0,4746,1965,13,11,0,0,0,0,2
"10856.E27L.feces.27w.NC.CD8kCLM.1.28",4,0,19,36,18,125,364,58,262,408,4448,2,8,25,0,11,0,7,27,0,0,155,3398,7,1,24,44,797,4,1,875,968,2,20,32,6,0,259,462,8,13,2,0,17,6,1
"10856.E24Lb.feces.49w.HFD.CD4HeMup.3.5",0,0,3,4,30,86,337,158,0,609,389,0,153,0,0,1,0,0,480,0,3,0,5023,2,0,2,37,978,17,52,1708,254,0,0,7,0,0,1731,858,5,0,0,0,0,0,1
"10856.E25L.feces.48w.HFD.CD8kMup.8.12",0,0,4,3,35,99,102,149,0,651,411,0,734,0,0,0,0,0,106,0,0,0,1862,4,1,4,51,1644,25,62,999,137,0,0,2,0,0,1237,4600,3,0,0,0,0,0,0
"10856.E25L.feces.48w.HFD.CD8kMup.9.13",7,0,5,6,142,159,767,262,1,767,586,5,427,36,0,2,0,4,294,0,0,0,3862,9,4,123,54,985,27,144,1701,132,3,9,6,3,6,807,1558,7,6,0,0,1,5,2
"10856.E51L.Col.Fe.49w.HFD.MupHe.2.2",7,3,44,122,156,32,414,397,1,420,667,0,390,5,0,0,0,0,397,0,0,0,2263,9,1,1,29,753,0,1,689,4864,4,0,19,2,0,495,198,7,9,1,0,0,0,526
"10856.E26L.feces.50w.NC.IgAK.CLM.3.23",0,0,3,4,14,3,350,171,4290,78,2595,0,62,0,0,0,0,0,185,0,0,0,1909,4,2,8,33,589,0,7,310,68,0,0,220,0,0,257,1721,2,0,0,0,36,0,6
"10856.E27L.feces.27w.NC.CD8kCLM.1.27",0,0,35,37,13,73,247,37,138,286,5124,0,2,0,0,0,0,0,20,0,1,94,3212,7,0,12,45,801,10,0,1043,1143,0,0,147,0,0,307,69,6,0,3,0,7,5,0
"10856.E37Lb.feces.50w.HFD.CD8kCLM.3.21",0,0,34,13,28,61,473,197,3,943,1413,0,14,0,0,0,0,0,127,0,0,0,4496,5,1,21,43,1113,39,16,2023,379,0,0,0,0,0,1152,240,4,0,0,0,0,11,76
"10856.E42L.feces.47w.ANB.HFD.CD8kMup.1.1",0,0,0,0,1,0,4,3,2,2,28,0,2,0,0,0,0,0,2,0,0,0,17,0,0,0,0,13,0,0,7,9,6,3,0,2,2,17,7,12790,6,0,0,0,0,1
"10856.E49L.feces.26w.STAM.B6.PIGRK.1.1",0,0,66,14,222,51,269,42,1,510,1228,0,104,0,0,0,0,0,14,1,2,0,3665,4,1,7,29,2094,33,2,1350,974,0,0,6,0,0,1916,304,7,0,0,0,5,4,0
"10856.E45L.feces.22w.STAM.FVB.WT.2.2",3,0,10,82,1,1,553,364,6,285,3201,0,16,7,0,0,0,0,66,0,0,0,2989,10,59,11,28,2812,0,182,1102,661,1,0,11,1,0,434,8,7,6,0,0,2,2,1
"10856.E49L.feces.25w.STAM.B6.Ighel.MD4.1.15",0,0,8,17,51,24,342,98,0,170,429,0,628,3,0,0,0,1,35,0,0,0,4031,12,2,5,16,610,1,44,738,799,0,0,19,0,1,4519,304,14,0,0,0,1,0,1
"10856.E49L.feces.25w.STAM.B6.Ighel.MD4.2.16",2,0,26,33,58,6,842,141,1,480,1097,0,31,4,0,7,2,1,196,0,0,0,1844,8,0,38,9,691,2,73,383,4040,0,0,4,2,0,2850,46,9,0,0,0,0,0,0
"10856.E50L.feces.26w.HFD.RagHeMup.1.4",2,0,24,370,12,19,584,108,2,118,1425,0,21,25,0,0,0,4,1520,0,2,0,2606,31,3,24,87,1142,3,43,704,3424,0,15,2,0,0,326,268,4,7,0,0,0,0,0
"10856.E51L.Col.Fe.48w.HFD.IgAkMup.4.7",0,0,5,8,18,11,8,4,1,55,48,0,42,0,0,5,0,0,153,0,0,0,2112,1,0,1,14,765,0,99,1018,191,0,0,3,0,0,8274,80,6,0,0,0,0,0,1
"10856.E55L.L.25w.STAM.B6.CD8k.1.6",0,55,44,21,1,6,1409,402,2,80,2738,0,8,4,18,23,39,46,659,29,0,0,2159,21,0,38,35,1406,5,150,884,860,19,78,12,58,4,640,7,475,481,0,0,8,0,0
"10856.E55L.L.25w.STAM.B6.CD8k.2.7",0,81,73,23,0,2,750,561,0,16,663,0,0,8,42,15,79,42,1494,32,0,0,2360,39,0,48,21,1449,7,365,1224,1990,0,1,3,0,0,1205,3,308,19,0,0,0,0,0
"10856.E5La.feces.27wAntibiotic.HFD.IgAMup.24",0,0,1,0,1,0,3,3,1,4,29,0,3,0,0,0,0,0,2,0,1,0,35,0,0,0,1,14,0,1,8,9,0,1,2,1,0,31,4,12764,6,0,0,0,0,1
"10856.FVB.IgAK.Feces.16w.NC.1.30",0,0,0,4,131,167,1180,88,1926,142,7503,1,2,0,0,0,0,0,38,0,0,38,1078,5,0,9,3,186,1,0,140,30,1,0,30,0,0,20,67,7,5,24,0,96,1,1
"10856.FVB.IgAK.Feces.16w.NC.4.33",0,0,11,9,47,186,732,25,83,284,9167,22,7,0,0,0,0,0,70,0,0,36,1030,7,0,1,7,264,0,1,163,28,0,0,44,0,0,40,445,3,5,45,0,156,5,3
"10856.E45L.feces.22w.STAM.FVB.WT.3.3",0,0,0,31,0,0,1397,486,4,146,1450,3,28,0,0,1,0,1,101,0,1,0,2295,3,5,2,52,3042,0,20,2330,48,0,0,15,0,0,1429,9,20,3,0,0,0,0,0
"10856.E45L.feces.22w.STAM.FVB.WT.4.4",0,0,0,31,0,1,1373,297,3,115,1049,1,17,0,0,0,0,0,104,0,0,0,2856,13,6,2,72,5223,0,4,936,19,0,0,25,0,0,748,17,10,3,0,0,0,0,0
"10856.B6.WT.Feces.6w.NC.4.7",0,0,2,1,11,227,150,5,1040,842,5552,2,36,0,0,0,0,1,40,0,0,0,2709,4,0,14,29,1512,2,0,556,23,0,0,17,0,0,34,31,6,4,45,0,29,0,1
"10856.B6.WT.Feces.6w.NC.5.8",0,0,0,4,31,338,771,14,823,1074,4040,6,254,0,0,0,0,2,343,0,0,0,2874,8,2,12,15,1337,3,0,541,22,0,0,37,0,0,34,287,2,5,40,0,5,0,0
"10856.B6.WT.Feces.8w.NC.3.6",0,0,0,3,49,158,470,7,1678,533,7727,9,1,0,0,0,0,0,110,0,1,0,1092,3,2,22,11,349,3,0,262,46,0,0,62,0,0,21,178,2,1,102,0,23,1,0
"10856.E15L.feces.45w.HFD.IgAMup.4.13",0,1,3,13,22,25,188,154,0,122,91,0,2434,0,0,0,0,0,90,0,0,0,1501,3,1,3,8,617,1,22,639,144,0,0,1,0,0,2783,4045,5,9,0,0,0,0,0
"10856.E17L.feces.44w.HFD.CD4HeMup.2.5",0,0,0,15,17,223,1759,666,0,208,1842,0,78,0,0,0,0,0,7,0,2,0,1055,7,3,2,8,1067,2,28,980,350,0,0,5,0,0,754,410,4,10,0,0,1,4,3414
"10856.E22L.feces.26w.HFD.CD8kMup.4.16",0,0,20,136,193,43,2286,308,0,543,833,0,1,0,0,0,0,0,446,0,0,0,3470,21,0,0,52,1281,0,15,889,1640,0,0,0,0,0,494,247,3,0,0,0,0,0,0
"10856.E26L.feces.34w.HFD.B6.1.34",0,0,45,18,395,140,1030,631,3,601,1472,1,205,0,0,0,0,0,298,0,1,0,4307,5,6,1,45,935,31,95,1320,625,0,0,1,0,0,644,59,8,2,0,0,2,0,0
"10856.E26L.feces.34w.HFD.B6.2.35",0,0,66,39,49,56,599,203,1,297,1006,2,118,7,0,0,0,1,462,0,1,0,4459,7,13,13,65,1156,73,181,2717,383,2,13,0,0,3,824,93,8,6,0,0,0,2,0
"10856.E29L.feces.32w.HFD.B6wt.1.1",0,0,32,28,105,71,543,326,0,728,1466,1,38,0,0,0,0,0,197,0,0,0,4915,13,8,2,47,1012,50,28,2047,497,0,0,1,0,0,738,10,15,0,0,0,0,3,1
"10856.E29L.feces.32w.HFD.B6wt.3.3",0,0,134,75,137,62,88,289,0,691,968,0,56,0,0,0,0,0,386,0,0,0,3928,10,2,1,32,1007,9,11,1527,3204,0,0,0,0,0,254,17,6,7,0,0,19,6,0
"10856.E40L.feces.47w.NC.B6.3.6",0,0,1,5,20,88,104,143,409,690,2166,12,19,0,0,0,0,0,39,0,0,1,6467,10,4,9,78,1187,8,0,1074,64,0,0,20,0,0,144,81,7,0,31,0,8,6,29
"10856.E40L.feces.50w.HFD.B6.1.1",0,0,2,2,11,2,669,88,0,256,438,11,2,7,0,0,1,1,35,0,0,0,1982,6,5,2,48,697,7,1,1135,16,0,6,1,5,2,301,32,5,3,0,0,0,0,7143
"10856.E47L.feces.26w.STAM.B6.WT.3.3",0,10,63,133,34,26,361,85,1,160,423,0,54,0,0,11,2,27,238,2,1,0,4324,11,0,10,25,1535,4,113,1162,3208,0,0,2,0,0,868,7,12,0,0,0,14,0,0
"10856.E47L.feces.26w.STAM.B6.WT.4.4",0,10,43,310,38,7,149,64,1,468,792,2,0,0,0,11,1,24,61,3,1,0,2051,10,4,9,32,2108,19,120,944,5003,0,0,0,0,0,615,2,4,1,0,0,14,0,1
"10856.E50L.feces.25w.HFD.RagHeCLM.1.6",2,0,25,73,349,210,2848,262,0,988,1404,0,30,3,0,4,0,2,359,0,5,1,669,67,0,47,9,162,6,95,261,4734,6,2,1,3,0,97,187,5,6,0,0,0,1,0
"10856.E51L.Col.Fe.49w.HFD.MupHe.1.1",0,0,34,36,25,24,81,45,1,135,408,0,192,0,0,1,0,1,432,0,1,0,4530,11,3,1,35,1586,35,1,1856,2621,0,0,0,0,0,661,150,10,11,1,0,0,0,0
"10856.B6.WT.Feces.8w.NC.2.5",0,0,0,4,191,34,261,92,1458,1308,4166,64,31,0,0,7,0,0,140,0,1,0,2451,10,5,26,19,1178,0,0,806,16,0,0,24,0,0,15,118,4,0,129,0,365,3,0
"10856.E25L.feces.49w.HFD.CD8kCLM.2.4",3,0,24,1005,25,47,677,371,1,741,1858,0,85,8,0,0,0,0,44,0,0,0,767,4,0,1,58,107,25,0,741,4708,0,5,0,3,0,1023,584,3,5,0,0,0,0,0
"10856.E5La.feces.27w.HFD.IgA.CLM.14",0,0,3,10,491,149,471,282,1,249,579,0,285,0,0,0,0,0,62,0,1,0,4334,21,23,14,42,1741,0,15,1540,241,0,0,2,0,0,1998,106,8,2,0,0,251,6,1
"10856.FVB.Feces.25w.NC.2.55",0,0,1,2,1,0,1134,26,902,857,1633,158,252,0,0,0,0,0,324,0,1,0,5471,6,0,6,28,1316,2,1,400,12,0,0,14,0,0,8,4,3,4,344,0,14,2,1
"10856.B6.Ighel.MD4.Feces.21w.NC.2.46",5,0,0,4,126,195,1037,24,1742,663,5681,3,18,0,0,2,1,0,235,0,2,0,1821,5,5,13,14,605,2,0,502,9,2,2,20,0,0,27,34,4,6,104,0,10,1,0
"10856.B6.Ighel.MD4.Feces.21w.NC.4.48",0,0,0,8,92,427,673,9,724,681,4756,8,308,0,0,0,0,0,315,0,1,0,2618,4,0,14,12,908,7,0,751,10,0,0,16,0,0,73,405,53,9,30,0,9,2,1
"10856.B6.PIGRHe.Feces.16w.NC.1.17",2,0,0,4,10,18,2519,1190,1993,263,5081,0,19,0,0,0,0,3,31,0,3,0,297,0,22,1,0,540,0,2,271,128,9,16,122,14,4,72,262,17,10,0,0,0,0,1
"10856.B6.PIGRHe.Feces.16w.NC.2.19",0,0,0,2,15,25,2211,854,1177,252,2574,0,71,0,0,7,0,0,25,0,0,0,308,0,0,1,0,4026,0,0,101,27,0,0,122,0,0,514,584,23,0,0,0,0,0,2
"10856.B6.PIGRK.Feces.16w.NC.1.18",0,0,0,4,7,22,2391,1176,779,221,5264,1,87,0,0,0,0,0,82,0,0,1,158,1,8,1,0,1184,0,1,115,199,0,0,241,0,0,169,777,28,8,0,0,0,0,1
"10856.E14L.feces.39w.HFD.MupHe.1.1",0,0,0,23,276,196,376,134,1,270,836,0,772,0,0,0,0,0,216,0,0,0,3461,5,0,3,13,968,0,18,947,246,0,0,0,0,0,3430,712,8,2,0,0,9,2,0
"10856.E14L.feces.41w.ANB.HFD.MupHe.3.7",0,0,0,0,0,1,5,3,2,2,20,0,2,0,0,0,0,0,3,0,2,0,24,0,0,0,0,8,0,1,7,4,0,0,0,0,0,16,5,12770,4,0,46,0,0,1
"10856.E14L.feces.41w.ANB.HFD.MupHe.4.8",0,0,1,1,0,0,2,0,2,1,12,0,1,0,0,0,0,0,2,0,0,1,11,0,0,0,0,5,0,1,5,7,0,0,1,0,0,6,3,10167,0,0,2699,1,0,1
"10856.E14L.feces.41w.ANB.HFD.MupHe.5.9",0,0,0,1,1,1,1,1,1,3,12,0,1,0,0,0,0,0,4,0,0,0,11,0,0,0,0,3,0,0,2,6,15,25,0,10,2,9,3,12807,5,0,0,0,0,2
"10856.E14L.feces.41w.ANB.HFD.MupHe.6.10",0,0,0,0,1,0,6,1,1,1,19,0,1,4,0,0,0,0,3,0,0,0,21,0,0,1,1,14,0,1,6,8,8,19,1,19,17,13,8,12742,9,0,0,0,0,1
"10856.E16L.feces.42w.HFD.CD8k.Mup.1.3",0,0,12,15,0,0,2219,238,1,273,387,0,25,8,0,2,0,0,695,0,1,0,1770,8,0,5,10,653,0,29,893,5412,3,12,21,0,0,127,98,5,0,0,0,0,0,2
"10856.E17L.feces.44w.HFD.CD4HeMup.1.4",0,0,134,197,7,57,257,82,1,455,1511,0,2,0,0,2,0,0,2850,0,2,0,1044,4,0,159,19,304,11,530,700,4081,0,0,3,0,0,410,73,13,1,0,0,5,2,7
"10856.E18L.feces.51w.ANB.HFD.IgAkMup.2.5",0,1,1,0,0,0,1,1,0,1,8,0,1,0,0,0,0,0,0,0,1,0,6,0,0,0,0,5,0,0,3,1,0,0,0,0,0,11,1,12882,0,0,0,0,0,1
"10856.E18L.feces.51w.ANB.HFD.IgAkMup.3.7",0,0,0,0,0,0,2,1,0,2,13,0,1,0,0,7,0,0,1,0,0,0,12,0,0,0,0,3,0,0,7,5,0,0,0,1,0,16,2,12848,0,0,0,0,0,0
"10856.E18L.feces.51w.ANB.HFD.IgAkMup.4.8",0,0,0,0,0,0,3,3,0,5,22,0,3,0,0,0,0,0,3,0,0,0,20,0,0,0,0,11,0,1,10,8,0,0,1,0,0,22,5,12798,6,0,0,0,0,0
"10856.E19L.feces.47w.HFD.CD8kMup.1.1",0,0,183,159,2,13,121,70,1,319,1662,0,5,0,0,0,0,0,1529,0,1,0,2637,11,0,8,31,1041,18,90,1084,3359,0,0,13,0,0,493,36,7,0,0,0,26,3,2
"10856.E20L.feces.45w.HFD.IgAkCLM.2.7",0,0,14,109,26,11,325,181,1,21,548,0,1258,0,0,0,0,0,206,0,0,0,2784,2,4,23,16,688,0,71,589,944,0,0,0,0,0,2521,2569,4,5,0,0,3,1,0
"10856.E20L.feces.47w.NC.IgAkMup.1.15",0,0,9,2,2,27,1555,618,1952,220,4594,0,77,0,0,0,0,1,169,0,0,0,782,9,6,2,47,384,0,2,383,249,0,0,400,0,0,262,711,16,0,0,0,34,0,409
"10856.E20L.feces.47w.NC.IgAkMup.2.16",4,0,29,4,0,53,1879,530,1783,279,3725,0,57,9,0,3,2,1,413,0,2,0,829,2,3,13,42,358,0,0,313,202,0,0,424,3,2,277,1470,5,4,0,0,19,0,183
"10856.E22L.feces.25w.HFD.MupHe.6.6",0,0,5,8,27,160,235,500,2,566,1263,0,634,0,0,0,0,0,5,0,1,0,2902,4,0,0,24,690,30,5,1789,124,0,0,7,0,0,833,3089,8,4,0,0,8,0,1
"10856.E22L.feces.26w.HFD.CD8kMup.6.18",0,0,10,28,320,83,319,130,1,933,308,0,170,0,0,6,0,0,88,0,0,0,5306,5,0,3,41,801,2,31,1584,1286,0,0,1,0,0,263,1203,5,0,0,0,0,1,1
"10856.E22L.feces.26w.HFD.IgAkMup.6.12",1,0,0,9,209,38,341,228,1,114,860,0,528,2,1,4,0,4,51,0,1,0,2430,2,2,3,0,643,0,41,579,121,0,7,3,0,0,6591,77,23,6,0,0,0,0,1
"10856.E27L.feces.28w.HFD.IgAkMup.1.1",0,0,20,13,233,50,630,428,2,61,436,0,340,0,0,0,0,7,115,0,0,0,2284,1,1,1,31,909,6,11,592,304,0,0,0,0,0,3514,605,5,0,0,0,0,0,2324
"10856.E30L.feces.47w.HFD.CD4HeMup.1.4",18,0,0,0,0,1,7030,1038,1,6,40,0,2,16,0,5,0,7,10,0,0,0,927,3,0,1,0,783,0,0,236,12,48,0,31,10,0,191,2484,7,0,0,0,0,0,20
"10856.E32L.feces.30w.HFD.CD8kCLM.4.8",0,0,7,20,111,214,1188,1772,6,405,837,0,176,1,0,2,0,0,16,0,0,0,1133,1,1,8,18,457,13,91,755,215,0,4,1,0,0,239,5206,22,0,0,0,3,1,4
"10856.E42L.feces.46w.ANB.HFD.CD8kMup.4.4",0,0,2,0,0,1,10,3,3,1,24,0,3,0,0,0,0,0,1,0,0,0,26,0,0,0,0,9,0,1,14,9,0,0,1,0,0,33,9,12774,1,0,0,0,0,2
"10856.E42L.feces.46w.ANB.HFD.CD8kMup.5.5",0,0,0,0,0,0,0,0,1,1,2,0,0,0,0,3,0,0,0,0,0,0,2,0,0,0,0,1,0,0,0,0,0,0,1,0,0,12,0,12902,0,1,0,0,0,1
"10856.E42L.feces.47w.ANB.HFD.CD8kMup.3.3",0,1,0,0,0,0,1,2,1,2,16,0,2,0,0,0,0,0,1,0,0,0,11,0,0,0,0,4,0,0,8,7,0,0,0,0,0,11,5,12840,8,0,0,0,0,0
"10856.E45L.feces.22w.STAM.FVB.WT.1.1",0,0,0,15,0,0,2015,739,3,127,1152,0,392,0,0,3,0,0,93,0,0,0,2940,3,0,1,40,3059,0,11,1504,5,0,0,5,0,0,756,56,3,0,0,0,1,0,0
"10856.E47L.feces.20w.STAM.FVB.IgAk.3.11",0,0,8,5,46,27,1768,44,3,308,1307,0,30,0,0,0,0,0,8,0,0,0,4982,4,8,21,37,1173,26,98,1530,602,0,0,0,0,0,634,237,6,14,0,0,0,0,2
"10856.E47L.feces.26w.STAM.B6.WT.2.2",0,16,32,297,6,0,41,18,3,27,187,1,1,0,0,18,3,18,220,4,1,0,3638,12,1,8,33,2476,2,159,858,4296,0,0,0,0,0,362,8,109,16,0,0,54,0,0
"10856.E49L.feces.25w.STAM.B6.PIGRHe.2.6",0,0,92,6,184,110,990,297,0,195,1327,0,385,0,0,4,0,2,63,0,4,0,3119,7,0,2,22,1502,3,60,964,449,0,0,12,0,0,2544,575,4,0,0,0,0,0,0
"10856.E51L.Col.Fe.48w.HFD.IgAkMup.1.4",0,0,74,30,63,33,162,86,2,77,382,0,24,0,0,3,0,1,694,0,1,0,4051,2,7,20,33,983,0,198,1120,921,0,0,5,0,0,3922,17,8,0,0,0,0,4,1
"10856.E51L.Col.Fe.48w.HFD.IgAkMup.3.6",0,0,42,39,362,53,349,247,1,82,535,0,166,1,0,0,0,0,275,0,0,0,2941,5,0,7,21,931,0,67,1087,823,0,0,4,0,0,4802,62,13,5,0,0,0,1,3
"10856.E51L.SI.Fe.47w.HFD.CD8kMup.4.11",0,0,21,1,4,1,3,4,8,9,38,0,1,13,0,6,0,0,12102,0,34,0,50,1,0,27,2,25,0,334,19,171,0,1,2,0,0,20,7,11,7,0,0,1,0,2
"10856.E51L.SI.Fe.48w.HFD.IgAkMup.2.5",0,1,2392,114,1,2,6,4,1,3,38,0,2,2,0,0,1,0,4747,0,34,0,42,0,0,30,0,18,0,267,12,5165,0,1,0,0,0,15,4,11,8,0,0,0,1,1
"10856.E51L.SI.Fe.49w.HFD.MupHe.2.2",0,0,67,219,1,0,4,1,0,3,236,0,0,0,0,0,0,0,2908,0,1,0,13,0,0,0,0,28,0,0,11,9303,0,0,9,0,0,12,2,4,8,0,0,0,0,91
"10856.E51L.SI.Fe.49w.HFD.MupHe.3.3",1,0,30,82,1,0,3,1,1,4,392,0,3,17,0,0,0,2,7572,0,5,0,30,0,0,0,1,16,1,0,8,4609,0,2,26,1,4,22,3,7,16,0,0,0,0,70
"10856.E51L.SI.Fe.51w.HFD.CD8kMup.2.9",0,1,14,51,2,1,2,1,1,3,26,0,3,0,0,0,0,0,6286,0,303,0,59,0,0,16,1,15,0,133,11,5969,0,0,1,0,0,8,2,9,10,1,0,0,0,1
"10856.E5La.feces.27wAntibiotic.HFD.IgAMup.23",0,0,0,0,1,1,4,1,1,2,14,0,1,0,0,0,0,0,3,0,0,0,9,0,0,0,0,7,1,0,6,5,0,2,0,2,1,12,6,12842,1,0,0,0,0,0
"10856.E5La.feces.27wAntibiotic.HFD.MupHe.7",0,1,0,0,0,0,1,0,0,1,4,0,0,0,1,0,0,0,1,0,0,0,4,0,0,0,0,2,0,0,2,2,0,1,0,0,0,4,1,12899,0,0,0,0,0,1
"10856.E5La.feces.27wAntibiotic.HFD.MupHe.8",0,0,0,0,1,0,5,2,1,2,18,0,0,0,0,0,0,0,2,0,0,0,19,0,0,0,0,6,0,0,8,6,0,1,3,0,0,13,5,12828,0,0,0,0,0,1
"10856.E9L.feces.HFD.IgMk.Mup.1",0,0,27,54,225,529,163,142,3,306,305,0,237,0,0,0,0,0,84,0,9,0,2462,3,7,13,29,1255,5,52,1100,1244,0,0,0,0,0,4451,207,11,0,0,0,0,1,2
"10856.Ex3.NoHFD.10.feces.MupHe.13",0,0,2,6,0,0,2802,159,2200,119,2673,0,194,0,0,0,0,0,201,0,0,1,2010,1,0,1,97,249,0,1,71,29,0,0,273,0,0,359,630,14,2,0,0,0,0,835
"10856.FVB.IgAK.Feces.16w.NC.2.31",0,0,4,7,277,102,2546,230,1665,159,5243,1,2,0,0,6,0,0,27,0,0,29,1347,7,0,5,7,554,0,0,261,92,0,0,51,0,0,34,177,9,0,42,0,33,2,5
"10856.FVB.IgAK.Feces.16w.NC.3.32",0,0,1,11,105,31,1391,77,897,546,2031,31,6,0,0,13,0,0,94,0,0,71,4919,19,0,3,38,1307,2,1,570,55,0,0,35,0,0,25,562,2,0,10,0,51,1,20
"10856.E30L.feces.37w.HFD.CD8kMup.1.1",1,0,0,3,1,11,5923,2672,2,220,126,0,0,17,0,3,0,1,10,0,1,0,1002,14,0,0,29,869,0,0,655,523,0,0,170,0,0,276,279,115,0,0,0,0,0,1
"10856.B6.PIGRK.Feces.6w.NC.3.64",0,0,0,1,6,57,2915,1395,1405,557,4270,0,27,0,0,0,0,0,102,0,1,0,144,0,0,0,0,465,0,0,48,54,0,0,255,0,0,401,697,124,0,0,0,0,0,0
"10856.E38L.feces.50w.NC.MupHe.3.16",0,0,7,5,15,20,645,33,1655,152,2289,7,154,0,0,0,0,0,31,0,0,79,3264,4,2,4,45,1039,6,0,1289,44,0,0,126,0,0,262,1708,1,5,15,0,17,1,1
"10856.E18L.feces.27w.NC.B6WT.1.30",0,0,0,2,20,24,1193,53,2249,234,6846,4,9,0,0,0,0,2,52,0,1,0,1062,2,5,4,6,338,3,0,433,32,0,0,29,0,0,27,134,2,11,0,0,147,2,1
"10856.E42L.feces.46w.ANB.HFD.CD8kMup.7.8",0,0,0,0,1,1,6,5,2,2,20,0,2,0,0,1,0,1,1,0,0,0,22,0,0,0,0,9,0,1,9,7,2,15,0,7,1,26,5,12776,4,0,0,1,0,1
"10856.E32L.feces.30w.HFD.CD8kMup.7.12",4,0,2,2,2,0,335,19,1,29,59,0,4948,11,1,2,7,7,7,0,1,0,174,0,0,0,0,115,1,9,66,208,0,4,0,4,4,37,6693,162,10,0,1,1,0,2
"10856.E49L.feces.26w.STAM.B6.PIGRK.2.2",0,0,373,232,209,26,397,252,2,106,1430,0,45,0,0,0,0,5,124,3,4,0,621,4,0,8,10,579,0,23,378,6281,0,0,153,0,0,850,765,39,0,0,0,2,0,1
"10856.B6.PIGRK.Feces.6w.NC.2.63",0,0,0,0,5,61,2926,1305,1637,572,3206,1,427,0,0,0,0,0,64,0,0,0,161,0,0,2,0,942,0,0,51,20,0,0,174,0,0,218,1022,130,0,0,0,0,0,0
"10856.E23La.feces.51w.ctrl.NC.B6.3.19",0,0,0,5,3,9,471,126,403,672,2638,0,33,0,0,6,0,3,283,0,0,0,4243,2,4,7,37,3011,0,0,766,14,0,0,61,0,0,47,74,7,0,0,0,0,0,0
"10856.E15L.feces.45w.HFD.IgACLM.2.7",0,0,5,186,78,42,126,123,1,96,202,0,2696,0,0,0,0,0,181,0,0,1,376,2,0,0,4,380,4,17,237,182,0,0,1,0,0,3079,4859,4,6,0,0,36,1,1
"10856.E19L.feces.47w.HFD.CD8kMup.2.2",0,0,25,37,3,40,852,619,3,636,1565,0,100,0,0,0,0,0,128,0,1,0,3805,5,0,1,51,942,35,19,1915,855,0,0,2,0,0,838,442,3,0,0,0,4,0,0
"10856.E42L.feces.46w.ANB.HFD.CD8kMup.8.9",0,0,1,0,0,1,6,3,1,2,19,0,2,1,0,0,0,1,5,0,0,0,19,0,0,0,0,7,0,0,7,11,17,30,1,36,5,21,8,12690,33,0,0,0,0,1
"10856.B6.PIGRK.Feces.6w.NC.1.62",0,0,0,0,5,51,3457,1412,1826,414,3398,1,40,0,0,5,0,0,81,0,0,0,122,0,0,0,0,1049,0,0,23,23,1,4,147,1,1,115,652,96,1,0,0,0,0,1
"10856.E14L.feces.39w.HFD.IgMHe.MupHe.1.15",0,0,0,6,92,202,514,537,0,552,483,0,338,0,0,0,0,0,73,0,0,0,5228,9,0,20,33,1003,0,35,2254,100,0,0,0,0,0,866,537,9,5,0,0,26,1,0
"10856.E14L.feces.41w.ANB.HFD.MupHe.1.5",0,1,0,0,0,0,1,1,0,1,9,0,1,0,0,1,0,0,2,0,0,0,6,0,0,0,0,3,0,0,2,3,0,1,1,1,0,11,3,12689,0,0,189,0,1,1
"10856.E17L.feces.43w.ANB.HFD.IgAkMup.1.14",0,0,2,0,0,0,3,3,1,2,16,0,1,0,0,7,0,0,1,0,0,0,20,0,0,0,0,7,0,0,5,4,6,10,2,1,0,15,5,12813,2,0,0,0,0,1
"10856.E18L.feces.51w.ANB.HFD.IgAkMup.5.9",1,0,0,1,0,0,3,1,1,2,17,0,2,0,0,8,0,0,1,0,1,0,13,0,0,0,0,6,0,1,7,3,4,19,1,8,1,16,3,12795,9,0,0,0,0,1
"10856.E19L.feces.45w.HFD.CD8kCLM.1.6",0,0,80,316,11,19,38,21,2,320,477,0,3,0,0,0,0,1,3417,0,8,0,2087,7,4,15,35,967,12,138,1014,3580,0,0,1,0,0,312,33,5,0,0,0,1,2,1
"10856.E42L.feces.46w.ANB.HFD.CD8kMup.6.6",0,0,0,0,0,0,3,1,0,1,19,0,1,0,0,0,0,0,2,0,0,0,12,0,0,0,0,8,0,0,5,3,0,0,0,0,0,20,3,12843,0,0,0,0,0,0
"10856.E23La.feces.51w.ctrl.HFD.B6.2.13",24,0,4,6,93,49,793,752,2,166,846,3,21,41,0,21,5,10,23,0,0,0,3061,13,6,7,21,470,13,25,1853,44,3,24,7,0,0,4341,151,2,25,0,0,0,0,0
"10856.E47L.feces.26w.STAM.B6.WT.1.1",0,206,145,85,1,0,7,2,1,3,42,0,1,1,7,238,52,24,1169,44,7,0,2947,4,1,2,15,1873,1,17,266,5430,0,0,0,0,0,118,4,173,7,0,0,28,1,1
"10856.E49L.feces.25w.STAM.B6.Ighel.MD4.3.17",0,3,17,79,60,6,1355,699,2,269,969,0,36,1,0,1,1,3,73,0,2,0,1853,20,8,11,28,934,3,125,1049,3908,0,0,90,0,0,1282,27,3,5,0,0,3,0,0
"10856.E50L.feces.26w.HFD.RagHeMup.2.5",0,0,87,604,14,9,1581,130,1,384,311,0,89,0,0,0,0,0,435,0,2,0,1010,2,2,62,20,337,1,44,334,6650,0,0,3,0,0,168,640,5,0,0,0,1,0,1
"10856.E23La.feces.51w.ctrl.NC.B6.1.17",0,0,0,2,1,11,287,107,264,453,1926,0,89,0,0,0,0,0,44,0,0,0,5850,1,5,0,41,2779,0,0,876,13,0,0,54,0,0,79,36,3,2,0,0,0,0,0
"10856.E38L.feces.50w.NC.MupHe.2.15",0,0,1,10,15,62,847,76,1721,266,3213,358,51,0,0,0,0,0,84,0,0,247,1868,6,5,7,21,686,19,0,1659,126,0,0,234,0,0,312,942,5,4,36,0,36,8,0
"10856.E32L.feces.30w.HFD.CD8kMup.4.6",0,0,8,53,393,172,590,1363,7,608,1455,0,189,0,0,0,0,0,6,0,0,0,2831,6,1,15,46,1026,8,84,1676,152,0,0,5,0,0,727,1483,2,0,0,0,20,0,0
"10856.E14L.feces.39w.HFD.MupHe.2.2",0,0,2,91,308,86,2550,460,0,114,856,0,692,0,0,0,0,0,88,0,1,0,1646,2,4,10,46,507,0,57,797,605,0,0,3,0,0,2990,991,9,0,0,0,11,0,0
"10856.E15L.feces.44w.HFD.IgACLM.9.23",0,0,5,51,538,111,395,94,2,75,229,0,2967,0,0,0,0,0,56,0,0,1,1277,1,0,1,20,466,0,12,280,249,0,0,1,0,0,3271,2816,5,6,0,0,0,0,0
"10856.E23La.feces.51w.ctrl.HFD.B6.1.12",0,0,4,5,79,102,621,394,5,222,344,17,30,0,0,0,0,0,29,0,0,0,4091,5,4,4,18,530,6,16,1098,25,0,0,12,0,0,5095,167,2,0,0,0,0,0,0
"10856.E24L.feces.50w.HFD.IgAkMup.1.2",0,0,27,22,1113,162,646,695,1,259,952,0,36,0,0,0,0,1,227,0,0,0,866,3,3,63,0,756,0,113,664,5126,1,3,14,0,0,1058,97,6,10,0,0,0,0,0
"10856.E37Lb.feces.50w.HFD.CD8kMup.2.20",0,0,1,2,13,70,155,154,0,518,337,0,98,0,0,0,0,0,55,0,1,1,5408,2,0,15,27,851,40,62,1932,93,0,0,1,0,0,2622,459,4,0,0,0,0,1,0
"10856.E38L.feces.50w.NC.MupHe.1.14",0,0,10,3,13,17,1466,116,2304,137,3083,25,120,0,0,0,0,0,90,0,2,128,1380,5,6,19,20,983,7,1,626,97,1,0,108,0,0,406,1710,10,2,2,1,30,0,0
"10856.Ex3.HFD.10.feces.MupHe.1",0,1,14,7,0,0,1416,160,2,75,957,0,223,0,0,0,0,0,248,0,1,0,2396,11,1,20,33,2019,0,34,1648,2217,0,0,12,0,0,746,674,11,0,0,0,0,1,0
"10856.Ex3.HFD.10.feces.MupHe.2",0,0,19,23,0,0,1937,97,6,141,1543,0,114,0,0,0,0,1,735,0,0,0,1111,9,0,79,15,1314,0,59,655,3541,0,0,2,0,0,1087,193,8,2,0,0,232,0,0
"10856.Ex3.HFD.11.feces.MupplusIgA..10",0,0,1,19,115,66,135,32,0,88,281,0,1782,0,0,0,0,0,21,0,0,0,1713,6,1,5,19,784,0,24,1060,132,0,0,1,0,0,5988,647,3,0,0,0,0,0,0
"10856.E22L.feces.26w.HFD.IgAkMup.3.9",0,0,4,14,479,128,796,137,3,254,527,1,616,0,0,0,0,0,63,0,0,0,1323,3,0,1,37,270,0,8,1130,213,0,0,0,0,0,6651,263,3,0,0,0,0,0,0
"10856.E22L.feces.27w.HFD.MupHe.2.2",0,0,7,13,228,472,250,472,2,1061,1658,0,359,0,0,0,0,0,283,0,1,0,2492,5,3,11,75,1278,17,51,1504,199,0,0,41,0,0,1040,1404,1,1,0,0,1,1,0
"10856.E32L.feces.30w.HFD.CD8kMup.2.4",0,0,32,36,79,74,702,281,0,1046,2555,0,2,0,0,0,0,0,663,0,2,0,2909,40,0,58,49,554,4,278,1348,1512,0,0,0,1,0,547,110,1,0,0,0,43,0,0
"10856.E47L.feces.26w.STAM.B6.IgAk.1.5",6,0,17,47,1072,134,765,662,1,105,365,0,285,0,0,3,0,6,159,0,2,0,2754,6,2,73,19,747,0,42,604,1713,0,6,2,0,0,3053,260,8,2,0,0,0,1,0
"10856.E47L.feces.26w.STAM.B6.IgAk.4.8",0,0,1,1,234,97,1546,588,1,299,657,0,395,0,0,2,0,5,37,0,1,0,2814,2,2,0,35,1175,0,0,947,10,0,0,8,0,0,3966,85,5,11,0,0,0,1,0
"10856.B6.PIGRHe.Feces.16w.NC.4.21",0,0,0,4,3,23,2755,1480,1517,222,3929,1,103,0,0,4,0,0,15,0,0,0,79,1,0,0,1,1816,0,1,63,31,0,0,183,0,0,149,509,38,0,0,0,0,0,0
"10856.B6.PIGRK.Feces.6w.NC.5.66",0,0,0,0,2,33,3207,1296,1500,349,3218,1,38,0,0,0,0,0,43,0,1,0,36,0,0,6,0,2355,0,1,15,10,0,4,190,2,2,141,369,105,1,0,0,0,0,0
"10856.E14L.feces.38w.ANB.HFD.IgAk.MupHe.3.13",0,0,0,0,1,1,3,1,0,3,16,0,1,0,0,0,0,0,1,0,3,0,10,0,0,1,0,6,0,0,11,6,4,14,0,4,2,10,7,12814,9,1,0,0,0,0
"10856.E14L.feces.39w.ANB.HFD.IgAk.MupHe.1.11",0,0,0,0,0,0,7,3,2,0,14,0,1,0,0,0,0,1,0,0,0,0,11,0,0,0,0,8,0,0,2,7,0,3,0,10,2,15,5,12813,19,0,0,0,0,0
"10856.E14L.feces.39w.ANB.HFD.IgAk.MupHe.2.12",0,0,0,1,1,1,1,1,0,0,8,0,0,0,0,12,0,0,1,0,0,0,10,0,0,0,0,4,0,0,4,4,0,0,3,1,1,8,3,12861,0,0,0,0,0,0
"10856.E14L.feces.41w.ANB.HFD.MupHe.2.6",0,1,0,0,1,1,4,2,0,3,27,0,1,0,0,0,0,1,2,0,0,0,25,0,0,0,0,14,0,0,7,4,13,9,4,18,2,12,1,11028,22,0,1726,0,0,0
"10856.E42L.feces.47w.ANB.HFD.CD8kMup.2.2",0,0,0,0,0,0,2,3,0,3,15,0,3,0,0,0,0,0,4,0,0,0,17,0,0,0,0,6,0,0,9,7,11,18,0,20,4,14,6,12768,15,0,0,0,0,0
"10856.E5La.feces.27wAntibiotic.HFD.MupHe.9",0,0,0,0,1,0,3,1,0,2,19,0,2,2,0,6,0,1,0,0,0,0,10,0,0,0,0,7,0,0,3,7,11,18,1,8,0,9,5,12794,15,0,0,0,0,0
"10856.E51L.SI.Fe.48w.HFD.IgAkMup.3.6",4,0,1025,141,0,0,1,0,0,0,39,0,0,1,0,1,0,6,5993,0,14,0,5,0,0,21,0,3,0,143,1,5507,0,0,0,3,0,3,0,2,4,0,0,0,3,0
