-1.648023528822106787e-02,-4.170503477346271248e-02,-1.119052381200058566e-02,-7.930605757901476593e-02,-8.867862002571764643e-03,-1.136649823320087663e-03,-5.768658627267465866e-02,5.218095913731933544e-02,-1.247728813514991514e-02,-5.924273658411445889e-03,4.339423244626448156e-02,3.103888413499377927e-02,-3.965287819256232971e-02,-9.580963289527502300e-03,-2.375257932785195675e-02,2.584580371083198408e-02,7.366361633018678190e-02,-2.507480534529821226e-02,-5.213958041931861243e-02,-2.447066814244981681e-02,4.101893174869811198e-02,1.734835922040820324e-03,2.820201927220315069e-02,5.594183252963980113e-02,-4.120534635721402952e-03,-7.650775846456295964e-03,-3.682608687050314966e-02,2.392333937850946515e-02,-3.635936139796581285e-02,5.328796891367690303e-02,-8.089999328428945646e-02,-5.616537356636516071e-02,3.168705069435175103e-02,-1.227822887039689212e-02,-3.377313749241447893e-02,7.163492394013868010e-03,-1.886177325247793621e-02,-3.036927701771202290e-02,-5.134365209125090618e-02,1.588366431720214800e-01,-5.488747683514539483e-02,5.121478897805398917e-02,-1.211971104337194148e-02,5.642609282661258108e-02,6.743862151028788207e-03,-1.936372614381378157e-02,-1.257268242948193088e-02,4.957138861270897479e-02,-2.473506511636480373e-02,-1.216960579824241488e-02,4.331819019368814139e-02,1.512536031747425090e-02,1.044294463659091454e-02,-9.644301305655326659e-03,3.125766492615466088e-03,-1.586738126014721612e-02,6.866689515166968238e-02,-6.701723501386733228e-02,3.323044005242549448e-02,1.489921657680329768e-02,-8.049349046798653928e-02,-2.344106084167937171e-02,-4.594322865141130252e-02,-9.099662005602542417e-03,-2.787988801031491756e-02,-5.969964304744595357e-02,-1.463389630697759652e-02,-5.642597849548180305e-02,3.061367869117098683e-02,4.166773003420673471e-02,-8.797430751423551687e-02,2.807067032193665164e-03,3.849313778364241156e-02,-2.411310318705521451e-03,1.668329373246825106e-02,1.711994493799629327e-02,3.779653124639630740e-02,1.046288461306129182e-03,-1.733399952379250167e-02,7.411022736553198043e-02,7.866658758064195081e-03,-3.590262162001896934e-02,3.732433981424948533e-02,3.615632262228201527e-03,1.199254865711155658e-02,5.596816515611769544e-02,3.038209575440806165e-02,-1.063904884564350478e-02,-5.982169333118382559e-03,-2.148923939080469789e-02,6.059303476660046067e-02,4.519996401144767834e-02,-3.236337221583204804e-02,8.357681537587627460e-04,-6.150492221906289636e-02,1.003846245009654484e-02,-3.163463017987599990e-02,6.378861825375432490e-03,-1.027758829495493444e-02,-3.628234991132494799e-03
-2.062862227941587856e-02,-4.492802929399516976e-02,-1.074835026503459523e-02,-4.696234748464107184e-02,-7.363517609232951566e-02,1.017560910562941012e-01,1.074412550157213125e-02,6.343179472815320408e-02,1.755525915311384466e-02,5.751185633758110899e-02,8.583975257140932791e-02,2.220340908304294092e-01,-2.002974568912399209e-02,7.674867286262742824e-03,1.248351937098385739e-01,-5.333306831135940090e-02,6.428665234475119949e-02,2.186470344847241468e-02,-3.220474933763420311e-02,6.493744279225774352e-02,5.643067988081787445e-02,4.524975190734239881e-05,-3.731948149992038444e-03,-1.880149676078625605e-03,-2.033020055673235779e-02,-7.582843963830422640e-02,6.979030028493343751e-03,-4.570138429184944506e-02,-4.246116447602259376e-03,2.922712885771630922e-02,2.070802598372425973e-02,6.790613609461440547e-02,2.977601458375472160e-02,-5.038685098845970683e-02,-2.584111536491540476e-02,-3.036144425748737215e-03,2.587636223129527804e-03,-1.961340952950598945e-02,6.177653381576637959e-02,7.752238532062552534e-02,8.780446702977399986e-02,1.010352040133969259e-01,-5.513995150895780600e-02,-1.641022320797569725e-02,-7.489362175586198418e-04,-3.817707648698136225e-02,7.075430419646480673e-02,5.142592493074941637e-03,1.503972006538006369e-02,5.016152034643483332e-02,-4.083847195346872877e-02,2.816689962849359616e-02,3.162834238371346751e-02,-4.490221599753145554e-03,4.199928537797330448e-03,4.317307124647167677e-02,3.645434547939790937e-02,-3.657213590339618986e-02,-1.474692255072926686e-02,-2.627117824267189566e-02,3.710786292800528907e-02,1.590257226363811505e-02,1.092421498033052836e-02,6.156412053143983654e-02,3.944119343376228937e-02,-1.570943488111289227e-02,1.164873127494614339e-03,-5.486901416435178980e-02,4.685846841861535800e-02,-1.339656739746110901e-02,-7.864116633099281495e-02,1.438874233025544125e-01,-5.281025010896572836e-02,-1.532874467440698170e-02,-3.111865023608217928e-02,1.299916561335334210e-02,-4.885110322523177756e-02,7.607916018806446141e-03,-7.153356006180448985e-03,-4.401611691576066097e-03,6.623415566233598062e-02,-3.055542775102769101e-02,1.186893162948830967e-02,-4.518966619140957208e-02,2.485351390196182016e-03,-5.250388797517487049e-02,2.613028477567288024e-02,-3.029254689436285466e-02,5.295545738947816244e-02,2.893102883592662752e-02,2.874782396397221329e-02,-3.945385686281831228e-02,5.699992263785901708e-02,-2.519113455903426724e-02,5.520583940180505411e-02,2.433976314328582802e-02,-2.922990259519523890e-02,-2.759338837621564192e-02,9.428967184550721831e-03,-2.460841539913592203e-03
-9.648376134865480069e-03,-1.773114128616828586e-02,-3.218179264150302591e-03,-3.994621946337519741e-02,5.793438273251662329e-04,6.993333682734689111e-03,-2.219767040246577172e-02,2.552781273092230921e-02,-1.003603592310292440e-02,-9.177886963987821542e-03,1.840158767938656834e-02,9.340311849551636084e-03,-1.946731904784437112e-02,9.712856282706159878e-04,-1.328680231089326633e-02,1.341695225799211140e-02,2.127081745108691524e-02,-1.309846361672737172e-02,-2.287157013848277812e-02,-7.464929952271244853e-03,2.025297845021981416e-02,8.690262972610204861e-03,9.240091962522820751e-03,3.395478566915745289e-02,-2.949436693985478183e-03,-2.341374358655466236e-03,-9.718463820134720654e-03,1.556978239729823674e-02,-2.334334544505154915e-03,2.339020847277776746e-02,-4.870942204982352947e-02,-2.097304269707123831e-02,9.180714697034939725e-03,-6.022831703444623055e-03,-1.232791883455714062e-02,3.102706309673904355e-03,-1.641271225574914006e-02,-2.047078688616730396e-02,-1.765170521209240978e-02,6.643671282010396584e-02,-4.171713359094697537e-02,2.064182481555847451e-02,-8.160286902455267735e-03,2.252382735377379472e-02,1.009970755659798762e-02,-8.215197151190232680e-03,-1.307797930295200896e-02,1.806495215923862099e-02,-9.770961632017566637e-03,-4.896831204022826338e-03,2.518976485662492368e-02,4.216416894816098562e-03,-6.491233922871992917e-04,-1.064818758248331238e-03,6.787701403996626614e-05,-8.143738656469069401e-03,3.376560383297885770e-02,-2.763205471042758099e-02,2.077531250906510668e-02,3.166083662888973839e-03,-4.752578958930864933e-02,-1.237807287462904145e-02,-1.394101083253349027e-02,-5.525471380342915698e-03,-1.882417883392300401e-02,-2.956286733417470142e-02,-5.031814079852103133e-03,-3.418795359582210008e-02,2.481774742707602149e-02,2.566593990856822632e-02,-3.880050087796505648e-02,-1.798159674968292758e-03,2.061603015129518518e-02,2.452815325322024644e-03,2.864235863434569200e-04,3.898074863411336421e-03,2.324079161781857431e-02,5.184820676870676402e-03,-3.828792752334643067e-03,4.492663493958887894e-02,1.421854918366456146e-02,-1.325492089559247508e-02,1.328655685249724612e-02,-3.223834642352435640e-03,6.486795588705212244e-03,2.394903365341983364e-02,9.562480970669490904e-03,-4.939662379014402374e-03,-1.166186119746199894e-02,-1.120848399631631416e-02,3.222423550398392789e-02,1.221782071066280194e-02,-1.164582415423964790e-02,-5.724216796732287636e-03,-2.862660031711943345e-02,3.498954899995907961e-03,-1.571566431512722711e-02,2.620464962308505642e-04,-8.026163667261020096e-03,6.465943938133195297e-03
-1.554618458841456469e-02,-9.566758167953992587e-03,4.358418113220776692e-03,-5.435478628967736064e-02,3.014380035948972802e-02,1.538949853379989463e-02,-1.595592026190649840e-02,2.619174293896702269e-02,-3.066065520288676488e-02,-4.425621639427265025e-02,2.457479174242941950e-03,-4.593060168000936277e-02,-2.546475312234238939e-02,1.794320036723347223e-02,-4.828621059489830031e-02,3.234245394782327143e-02,-2.708362530449857225e-02,-2.619848910351152069e-02,-1.969842885220706580e-02,-8.918357581623652039e-03,2.023216373085537020e-02,3.776786152778429523e-02,1.164166775699467692e-05,7.175581240465005173e-02,-3.564350835302558008e-03,1.506577326563376604e-02,1.052237926517859447e-02,4.392610515937543647e-02,4.627103880231193955e-02,2.088769943588139610e-02,-1.052816938373076078e-01,-2.324836583271771770e-02,-1.190142267128887696e-02,3.609382333548515477e-04,-2.522633896707488139e-04,3.910187984761667040e-03,-4.767265427184594340e-02,-4.460262157010502770e-02,-1.411518071989552661e-02,4.875920687398326708e-02,-1.255235870284702460e-01,-2.059301775565138947e-03,-8.952995174684515167e-03,2.048254933490025603e-02,3.671544845043039212e-02,-1.138356074738249317e-03,-5.457687099633771327e-02,6.333265843307184749e-03,-9.960944094674444721e-03,-1.327516173019248173e-02,5.775676036074256503e-02,-9.049924794667625963e-03,-2.509285542912429237e-02,1.082430832946224518e-02,-5.309863689655578041e-03,-2.136257772058348242e-02,4.401980945182481370e-02,-1.799457205052967801e-02,4.798035487874224153e-02,-3.459913197976308748e-03,-1.034520922334841581e-01,-2.426662006376722330e-02,4.256453065376196096e-03,-2.308207115946640103e-02,-5.178286117636238250e-02,-4.220834909917910854e-02,-9.668163907432650089e-04,-6.153086687385855846e-02,5.939487102958625891e-02,5.742531301258018556e-02,-2.969066690425508845e-02,-3.949899191286439931e-02,4.616557378096507180e-02,1.801076432557066967e-02,-1.873157629269820573e-02,-1.080095281624611492e-02,5.873026324292962563e-02,2.110507694415347454e-02,1.036746743058922053e-02,9.515616557725332936e-02,4.168938437596279856e-02,-3.911276475030600239e-04,1.812358690868223982e-03,-1.220565356898758308e-02,1.115607436272357013e-02,3.454510869226765091e-02,-7.422915149084669505e-03,-8.751721376986515422e-04,-5.488486817909530441e-02,-2.427000020986107287e-02,5.078974979626753317e-02,-5.819300670743978061e-03,-1.467676362150315168e-02,-2.326152176123371870e-02,-4.824736175664792043e-02,-3.794736137238189505e-03,-1.871049859993272405e-02,-3.531101426939336780e-03,-2.319890463301131286e-02,3.618877443981882019e-02
1.013036562373737827e-02,1.322876329548409828e-02,8.685523045713176848e-04,1.506788840797874431e-02,2.766173043993166644e-02,-5.888935986613031554e-02,-1.968090376637995215e-02,-2.446865336007253422e-02,-4.553381948975806365e-03,-1.979567371530765313e-02,-3.240254427910689572e-02,-9.492138880508182996e-02,5.207488442600308534e-03,-1.230673141764964708e-02,-6.017125898136135853e-02,2.739387515076555438e-02,-2.739529234682559506e-03,-1.217411288796699763e-02,6.014279433509532938e-03,-3.984015658681197558e-02,-2.262464098677864979e-02,-1.029733882933851069e-02,1.104670794081229895e-02,-1.595626958787207126e-03,1.050858076908329879e-02,3.354329422204860300e-02,-1.856651215393375839e-02,1.939569509856218371e-02,-2.269918770016061266e-02,-4.402782445011070578e-03,-6.824778521582653898e-03,-4.749753891695313035e-02,-2.235107428361779273e-03,2.274378181527046683e-02,2.957475391689111908e-03,2.795872944353629611e-03,6.232276943937077075e-03,1.345859248550614930e-02,-4.530725751409540175e-02,-4.149017797928344561e-03,-2.833791870620176387e-02,-3.667378129703312978e-02,2.799330211945905492e-02,2.099063767056389904e-02,-7.963061359627052541e-03,1.440334922529376734e-02,-2.601498774979211365e-02,1.138378320961990278e-02,-1.309214320881059955e-02,-2.677919759508983269e-02,1.907790452963422853e-02,-7.520915983738604010e-03,-6.266022531405555408e-03,-3.816554420113923464e-03,2.941318183396263619e-04,-2.193232911115824274e-02,-9.936189465210425523e-03,3.065680050631331040e-03,4.764197625953300874e-03,1.975173583799180732e-02,-1.593970454722728330e-02,-9.032491049436180974e-03,-2.179821223421306992e-02,-2.904351313504650520e-02,-1.508542137068838787e-02,1.267740399925287387e-03,-5.046235857699421512e-03,2.868511534748844141e-02,-3.211015197139172744e-02,4.049689035518897265e-03,2.205417830634931811e-02,-6.428501790925358894e-02,2.721718522665382556e-02,2.211157460910061039e-03,2.728251189868832055e-02,1.688111589106894078e-03,2.128465522867013099e-02,-9.761759735654735107e-03,-4.741220516074878995e-03,-1.125251737763322945e-03,-4.464801506517145774e-02,4.819698151982573092e-03,5.166617613909904767e-03,2.869295772444917236e-02,-6.659364098721436056e-04,3.600408191262658569e-02,-2.000232576764540866e-03,1.293967369014963759e-02,-1.434328852647810508e-02,-1.533222711850678113e-02,-1.037490368142786508e-02,3.717863023999130184e-02,-3.650496427872664679e-02,2.033535678459587673e-02,-3.529119407579824758e-02,-8.628011239271928326e-03,1.074033503846461013e-02,1.773639906336236388e-02,-1.664843192863552004e-03,-1.023578909328776501e-02
3.658227747712245598e-02,5.968181998246889497e-02,8.591846610389235889e-03,1.253616719807784663e-01,1.984399834182536473e-02,-7.451762433867256674e-02,4.190244939289916593e-02,-9.260695288784664969e-02,2.613646497992988191e-02,1.172342017765157576e-02,-7.810733560928057040e-02,-1.054453072169095895e-01,5.898847808459881104e-02,-1.630082576275595010e-02,-1.418031843363899876e-02,-1.415431925711884906e-02,-5.426104560982799446e-02,2.649523261512513536e-02,6.781663337928309221e-02,-1.600015344482218216e-02,-7.635306139409800408e-02,-3.726526324112586219e-02,-1.391272167179453435e-02,-9.971949077360467428e-02,1.784259274138871865e-02,3.492113496748523033e-02,6.803993555808066605e-03,-2.870266933165865550e-02,-2.110913731365599011e-02,-6.784691586116434192e-02,1.349829025956357231e-01,1.410335270495425772e-02,-2.435965457807304918e-02,3.657740744575529307e-02,3.488050325656062711e-02,-6.044355214856776855e-03,5.499600671907715899e-02,7.180325813037849447e-02,6.220703590286181216e-03,-1.835798141153115459e-01,9.971912500499328924e-02,-8.726093657617095545e-02,4.824689816033499168e-02,-4.216334401928112374e-02,-3.864635545571978165e-02,3.481836564582840854e-02,1.756778562761564244e-02,-3.745925705319072541e-02,1.476837588040045418e-02,-1.007823869157406863e-02,-5.594637022202002957e-02,-1.667670115272858883e-02,-6.584746881529661812e-04,-2.211809188856845004e-03,8.168848330539221032e-04,3.944679405495561154e-03,-1.031258616401491690e-01,7.727580957801603867e-02,-5.628544613840993222e-02,1.039938727684227952e-02,1.232605363900712014e-01,2.724634668742717189e-02,1.568611748803533032e-02,-9.188648783780164683e-03,4.221983910250771271e-02,8.394966040391403650e-02,8.599326807217982580e-03,1.238664761256088459e-01,-1.023108357629836235e-01,-7.097324221787484899e-02,1.254473909871264281e-01,-4.910023209009920647e-02,-3.495870873122170625e-02,-6.809109811829592955e-03,2.691375067471356644e-02,-7.133213066329054455e-03,-4.896929740269726633e-02,-2.536880966180174446e-02,4.201783889516825382e-03,-1.310636440117337598e-01,-8.381950828516228358e-02,3.902889874090605810e-02,-3.011398599384506464e-02,3.647027679208914713e-02,-1.903541453673415068e-02,-3.397450663091106104e-02,-2.574814787256485271e-02,2.490000710993825125e-02,2.466160894427968028e-02,1.840113016315829755e-02,-1.004349922091056779e-01,3.172341271280426905e-03,-1.251855047887928500e-03,3.679940812229658131e-02,4.868534012661714094e-02,-1.654165302305099852e-02,5.338476924112746380e-02,1.612164733852399987e-02,2.254149102711763830e-02,-3.119742964336485319e-02
-2.968274214495896651e-03,2.273813018029511440e-02,1.311827313127613033e-02,8.817968234853158435e-03,3.399970915160911711e-02,2.138025171116237494e-02,3.229044425501538529e-02,-1.381740405071484046e-02,-1.958689982668561369e-02,-3.670595668154914143e-02,-2.926945265524048476e-02,-6.093976091759756991e-02,6.297501424554643665e-03,2.632697313296471220e-02,-2.268424383030384628e-02,8.448130780390545463e-03,-8.505750870137078479e-02,-4.460899884363054083e-03,2.183300697869546697e-02,1.449896992379411109e-02,-1.089811171394225627e-02,3.648338734874082695e-02,-2.353166657897243566e-02,2.561125485524842066e-02,-1.161965345674949215e-03,1.774601837267967760e-02,4.141030618042907535e-02,2.204440641057453174e-02,7.636439756236897136e-02,-2.173620143482427741e-02,-3.767419176893112287e-02,2.651094621072824092e-02,-3.673635145510298350e-02,8.062813541792288388e-03,2.645513573589531112e-02,-2.156773453557555946e-03,-3.211188069885644730e-02,-2.058595898184630707e-02,3.138606452725564017e-02,-7.881491004687615765e-02,-7.625444123782205985e-02,-3.953730033825039042e-02,-1.652485659465665647e-03,-2.697944887722035501e-02,3.123875729558765399e-02,1.302515348751171441e-02,-4.091151600833321106e-02,-3.445062884053298052e-02,1.122530043313107150e-02,-7.887449873962196602e-04,2.010325618955715460e-02,-2.023393142226860911e-02,-3.229247682604453884e-02,1.863589128240920878e-02,-7.714268479880570864e-03,-6.187958542644042895e-03,-1.089649352538208694e-02,3.565308269941561137e-02,1.992285312274078013e-02,-1.710285541572320947e-02,-3.537011983439699442e-02,-4.166870491662393559e-03,4.286478126909357145e-02,-1.261864969163678692e-02,-2.696199532823412987e-02,6.304266791594705793e-03,1.120804867501687917e-02,-1.772637584727922155e-02,3.657016456750489947e-02,2.248278259847378766e-02,3.920750560553577097e-02,-3.492813037045987279e-02,1.187579992361278980e-02,1.932839252767726626e-02,-3.415071211282490193e-02,-2.438759959238791242e-02,2.526158613585510748e-02,2.069534105718657396e-02,2.441625171973444905e-02,3.393181772477215502e-02,3.858589843159260235e-02,2.784853105043603658e-02,-2.851528196311064675e-02,-1.746430303550090823e-02,1.388585170560329655e-03,-1.425088639826590370e-02,-3.133780405830776522e-02,6.449014953517138819e-03,-4.755230409147254839e-02,-5.148362407467888500e-03,2.210399148949717188e-03,-4.521668129110196360e-02,1.486627441621341320e-02,-2.528123468786827588e-02,5.212776532349875681e-03,-1.093182888039015595e-02,5.985944760353362724e-03,-1.018152357260197240e-02,-1.431585992025472334e-02,3.921753127216921764e-02
2.040886840463623092e-02,7.769968763472885967e-03,-8.103400508583980671e-03,6.594333360559472001e-02,-4.253848084184309181e-02,-2.730008860508235935e-02,1.146005629732549380e-02,-3.084760114980944837e-02,4.159392868719445635e-02,6.098155319785626693e-02,1.126619291003329434e-03,6.335084168507280900e-02,3.031179927413305691e-02,-2.848217250519017446e-02,6.033333476617250973e-02,-3.980753515387035896e-02,5.128251836674252440e-02,3.238519085294157274e-02,1.995703926533945460e-02,5.296697114698412610e-03,-2.402163923510508906e-02,-5.490138419266277214e-02,5.721823844640231901e-03,-9.381952022943156055e-02,5.311659156627609145e-03,-2.014539026644532674e-02,-2.297907156391550826e-02,-5.747285982204194954e-02,-7.467184654080236128e-02,-2.133608317990582162e-02,1.370816023720269894e-01,1.986223353733299404e-02,2.233175868037855921e-02,-6.927206305407961930e-04,-5.143544946918923375e-03,-4.167929990072505655e-03,6.588725026858449629e-02,6.011959102663985005e-02,7.730936906567517121e-03,-4.341849910113033950e-02,1.688171903043844124e-01,8.596366853858375748e-03,1.317511309062626909e-02,-1.807582104771698200e-02,-5.233686253307427705e-02,-4.473481172948714341e-04,7.416971479747086482e-02,2.987430891739961182e-04,9.008301328105214681e-03,1.476238190271055364e-02,-7.408928048391259791e-02,1.496132935956286970e-02,3.734657103630694558e-02,-1.753622730865573090e-02,8.195658551192407451e-03,2.617469512106858354e-02,-5.245694546291779226e-02,1.472168328697613313e-02,-6.295316056295967300e-02,9.182882759228625999e-03,1.337499492644305954e-01,3.014976371719634701e-02,-1.579220192185909130e-02,2.920154693075386124e-02,6.846399476857530086e-02,5.064807132682334206e-02,-1.529104185690918901e-03,8.131440282116385310e-02,-8.293001500571124673e-02,-7.516183194924141997e-02,2.957672536423354079e-02,5.187258389122432339e-02,-5.755119159963873604e-02,-2.613245358662786080e-02,3.209030294863948057e-02,1.859711417225046182e-02,-7.624449943124479712e-02,-3.100451499930018465e-02,-1.826765044314065251e-02,-1.243442504195477888e-01,-6.239577772815595169e-02,-5.149590852921117311e-03,4.190106676274144189e-03,2.059480007296594223e-02,-1.406005023453098073e-02,-3.711573396560635674e-02,1.568694421653178683e-02,5.375156244532475940e-04,7.672081251123315238e-02,2.995571975769837844e-02,-6.360839465070541876e-02,1.921140741676547262e-02,1.251628964452781816e-02,3.531944314427271775e-02,5.594262678695618995e-02,6.441487686345810128e-03,2.242936083514264142e-02,7.663110233467824821e-03,3.147899711081759977e-02,-5.353874027091223148e-02
1.540535578790317404e-02,2.930386132626379772e-02,5.688477782893530330e-03,5.798978487565677881e-02,1.020402826564343994e-02,-2.418574375442776592e-02,2.666000480981722820e-02,-4.204002019400577411e-02,1.022332004428994599e-02,3.187127013690777347e-03,-3.626457044221868820e-02,-4.500289084095445563e-02,2.782940510745082405e-02,-2.440258560897764269e-03,-1.664500232089610081e-03,-9.165762380230139950e-03,-3.659152903034705584e-02,1.345717223539815398e-02,3.396386739193910098e-02,-2.124080109350667659e-04,-3.426647740735904585e-02,-1.117163996417485858e-02,-1.118807609903627390e-02,-4.310774119561584100e-02,6.807048283213855584e-03,1.429244321705053049e-02,1.127716610980509897e-02,-1.308204883090290614e-02,3.461074821823070281e-03,-3.418072941966789069e-02,5.914813510062154334e-02,1.656033311493395818e-02,-1.609670508198668068e-02,1.520599248212666475e-02,1.954577121669183112e-02,-3.501708826860649038e-03,2.062552260496702122e-02,2.910186365908444539e-02,1.322807217923820979e-02,-9.622995387685732982e-02,4.026723287005867791e-02,-4.137563144708000795e-02,1.866438977837449678e-02,-2.623961762184053720e-02,-1.284126227317212814e-02,1.616831197135916789e-02,6.193041403184866393e-03,-2.375672394450727143e-02,1.019933231795771764e-02,-1.249808340817722390e-03,-2.608364045257715799e-02,-9.553116825659934905e-03,-3.836517160328581366e-03,1.993137975325970455e-03,-6.992232402510187425e-04,3.950235239052119970e-03,-4.852569992264599980e-02,4.066519049130316865e-02,-2.435082092334189818e-02,-7.793431741578675932e-05,5.518030529304143728e-02,1.342872787811976928e-02,1.607362877007927418e-02,-2.128902154040104681e-03,1.818177728989224529e-02,4.006856104975868582e-02,6.225555042277889327e-03,5.187601848736727445e-02,-3.875644244748822909e-02,-3.079994955477725199e-02,6.120385116486266874e-02,-1.915236668343208229e-02,-1.843922313666674154e-02,-8.770747223345673081e-04,4.356592446737365260e-03,-6.870223843194393602e-03,-2.240822052176407939e-02,-7.796801291887966827e-03,5.907532881201999451e-03,-5.675106886301910930e-02,-2.812993930898412265e-02,2.143113222113637167e-02,-1.867571553039068522e-02,1.090758210478377614e-02,-8.653746075204044735e-03,-2.268660426900245830e-02,-1.604960366490145937e-02,1.082176518015865591e-02,7.060651595976818497e-03,9.989587684394847511e-03,-4.543225036635711173e-02,-9.603108166269221438e-03,6.310063288621327662e-03,1.112392133988665023e-02,2.827080216869696377e-02,-8.083745221821035318e-03,2.441751231566620731e-02,3.812409686038422361e-03,8.862719480560089791e-03,-7.963392806656808751e-03
-6.549130244118127851e-03,-3.027778749163410887e-02,-1.150206573304297930e-02,-1.757262942027441530e-02,-5.677147742973014111e-02,4.093030796800291304e-02,-4.309387632251952642e-03,3.318559174589223726e-02,2.239486985586392268e-02,5.216654530799913481e-02,5.516092807548466509e-02,1.464722912810772770e-01,-8.077012392544475824e-03,-9.770284669927964405e-03,8.191274970856535220e-02,-3.666115146418096743e-02,7.158844482667056641e-02,1.780679788310865486e-02,-2.152566547505127548e-02,2.923355052032923507e-02,2.953695723920555724e-02,-2.134973789002866246e-02,7.382352986886209049e-03,-2.430020256048084221e-02,-9.316346393577581639e-03,-4.869692898631188677e-02,-1.472152264262121049e-02,-4.025142391636508943e-02,-4.087817629654531132e-02,1.974050778302524969e-02,4.490234247293157371e-02,2.864879984730684878e-02,3.198831704253180669e-02,-2.910755518513469947e-02,-2.366804184969270586e-02,-1.425668098472780004e-03,2.279718054733395963e-02,6.284992269639536056e-03,2.189503653906386613e-02,6.194621302385071998e-02,9.830532763970019350e-02,6.784761941227404614e-02,-2.599190741634843996e-02,-1.530474854394296398e-03,-1.949082835389975149e-02,-2.452737419915521078e-02,6.252416324421503080e-02,1.508699733741436511e-02,5.115496824713416241e-03,2.849551602771258768e-02,-3.953600083118979924e-02,2.411595057067016101e-02,3.361188687700469857e-02,-1.166208866311549235e-02,6.181517535642602409e-03,2.853261265434430677e-02,1.490535526974836981e-02,-2.954199396720215767e-02,-2.427611072765115119e-02,-6.084380872772979232e-03,5.207003542504529126e-02,1.427551951392515631e-02,-1.211804244145534698e-02,4.082751000042391526e-02,4.042939824075988259e-02,-2.779415156760036299e-03,-3.653526821630321761e-03,-9.818199616388814666e-03,-1.345713572392193223e-03,-2.633419852816113946e-02,-5.037944279459220798e-02,9.490936521566172013e-02,-4.029304913540924377e-02,-1.882069395052989036e-02,9.777313855047625735e-04,1.829695057928496307e-02,-4.586527187850981263e-02,-8.161355058476342170e-03,-1.522881421045308922e-02,-3.319150587799509639e-02,1.106038825862075588e-02,-2.661215517721331192e-02,1.702541319556010596e-02,-1.403852086310477046e-02,-1.327900675731552007e-03,-2.767090851975964605e-02,2.715941804406237642e-02,-1.793127480383543623e-02,5.607221476107802222e-02,2.134924334991669323e-02,4.524532242804483496e-03,-1.303979449197539440e-03,2.607589326107989311e-02,1.348379674697216092e-03,3.515244163274415523e-02,1.750829626828201424e-02,-1.391854662140504240e-02,-9.484963602553617146e-03,1.476789383484031909e-02,-2.342538295282644775e-02
5.538006927773890531e-03,-1.682287397916322827e-02,-1.159942625458342154e-02,-5.249929499515240336e-03,-2.061160273302648296e-02,-3.912194642661147304e-02,-3.710584715457454497e-02,5.471350815947958329e-03,1.520022564383095333e-02,2.519613779821019625e-02,1.600124441222606705e-02,2.182074344242954447e-02,-5.085440818489491560e-03,-2.768562258641378560e-02,-1.648930748262729179e-03,2.913362156055213092e-03,7.624471528056435410e-02,-1.138036737335525574e-03,-1.887260998332003850e-02,-2.730599104645377653e-02,3.163608316466498451e-03,-3.552340041467191151e-02,2.543208351425250632e-02,-2.112755209285731642e-02,4.504233363532101839e-03,-4.271379990715201344e-03,-4.401668210051048330e-02,-1.184789881193995358e-02,-7.611435764750436317e-02,1.938263572346997365e-02,2.796248409955844061e-02,-4.157438946933085522e-02,3.256290331124605392e-02,3.471939793849916525e-04,-2.335845357754675819e-02,3.102281437873796385e-03,2.969902313561205084e-02,2.167973238007951664e-02,-4.493456543995776042e-02,7.318336321438684289e-02,5.530124632912695321e-02,2.380950038906521488e-02,1.069288111191702556e-02,3.285178516822567785e-02,-2.994282823257727114e-02,-7.128032562670310809e-03,2.651645275076308303e-02,3.586369461591385616e-02,-1.521488574028277696e-02,-8.959406856024459270e-03,-9.591644572858189569e-03,1.568634072829463294e-02,2.654631771820465183e-02,-1.800690197605094023e-02,6.980869246319996307e-03,-2.673486561137579202e-03,8.481882921349439067e-03,-3.253058919510589536e-02,-1.471450317684785611e-02,2.233662748293391981e-02,2.280953632081031066e-02,-2.568334131912735534e-04,-4.671934871318950827e-02,7.504388102744775869e-04,1.751706284610874201e-02,-7.134150019493437807e-03,-1.207994140197284072e-02,2.353223176541306000e-02,-4.213815984917176904e-02,-1.692063369281086166e-02,-2.981657351141945786e-02,8.587770728326667852e-03,2.745190178592652060e-04,-1.628905325451166300e-02,3.996228489858354854e-02,2.257751899101489643e-02,-1.354763455231823739e-02,-2.150095011785024823e-02,-2.366306194333270621e-02,-2.765061021046694156e-02,-4.900845133509033197e-02,-2.401211455327191199e-02,2.809049550356689309e-02,2.535306897086806593e-02,-1.039706651033556325e-03,2.683952192710222992e-02,2.785971487722702436e-02,-1.561700478763541466e-03,3.659742523467063996e-02,-1.501463616029524240e-03,-3.452137415786640448e-03,5.406390763612153177e-02,-2.674733231400593103e-02,2.923843501714105605e-02,-1.884744793627651099e-02,6.964113435414514414e-03,-2.629976052468997912e-03,1.527421194773895263e-02,1.164384667364644702e-02,-3.808558018538273776e-02
-8.324329301246716911e-03,-3.853947080820437077e-02,-1.444467746233078602e-02,-4.724593243121432556e-02,-3.440556036417855706e-02,-1.374309447843788954e-04,-4.421944507265117980e-02,4.025500660749482124e-02,8.632160169663444585e-03,2.727458184958858611e-02,4.866755799492709228e-02,8.034256510176915334e-02,-2.431905974915317403e-02,-1.934240392992587695e-02,1.957473957656881425e-02,-5.412220462106561271e-04,9.344342456728421675e-02,-5.685862460763509672e-03,-4.100780232744980630e-02,-1.129394720897564965e-02,3.253120630152891296e-02,-2.144372790548844041e-02,2.653792862430685504e-02,9.320572666975716902e-03,-3.823788081104564310e-03,-2.424289609102203008e-02,-4.088507502854369507e-02,-8.685808096443207310e-03,-6.345196323469030897e-02,4.107342778708938935e-02,-1.072176925308288183e-02,-3.248483569606675642e-02,4.056530861311171549e-02,-1.707424881463102950e-02,-3.472117117487027310e-02,4.137888014325189628e-03,1.141967269891797955e-02,-3.705743742281956878e-03,-3.409289756157956458e-02,1.297107444614123417e-01,3.332877427663846759e-02,6.044460259903857574e-02,-1.170910887056562759e-02,3.966983555829398100e-02,-1.609855797688092630e-02,-2.167834903133050023e-02,2.858944025418401133e-02,4.397620282115404650e-02,-1.598990258594437316e-02,1.610733807162119304e-03,1.865149034967522124e-03,2.284521725751484725e-02,2.854162652149812643e-02,-1.628669896565732023e-02,6.660266238832986130e-03,2.316221874055539136e-03,4.234086387742903163e-02,-5.669892254232640483e-02,8.719341523369814528e-04,1.366590068025042883e-02,-9.782859462909059695e-03,-5.915071784332434982e-03,-4.535445214659424712e-02,1.170227266516452903e-02,9.077294820250943197e-03,-3.277523817157633468e-02,-1.326122725436421068e-02,-2.181699633528876373e-02,-2.335630072907530271e-03,3.286729139806446754e-03,-7.383607803618484622e-02,4.149639545117396466e-02,3.130367360025482302e-03,-1.488128299454311888e-02,2.421804996940454813e-02,2.427608247608815245e-02,-4.818011560395039916e-03,-1.113743802330895323e-02,-2.361995077745703345e-02,1.209432071503551212e-02,-1.124819732711405430e-02,-3.714936832212707707e-02,3.573433138625192046e-02,6.316885229239008366e-03,4.877880309704895646e-03,2.695422251073056885e-02,3.620843346157050224e-02,-1.270678850850494833e-02,3.325742172693409854e-02,-2.722803565340565796e-03,2.970624161618515280e-02,4.269560172203110820e-02,-1.611487926299122811e-02,1.246290449088270288e-02,-2.358273247866089425e-02,1.438402631667822992e-02,-2.173269764623437378e-02,5.440231321732259123e-03,5.339969106027251181e-03,-2.585316646538738522e-02
-1.040555839065292892e-02,-1.964192769018842377e-02,-3.935785487279179484e-03,-1.826524467541982763e-02,-3.832812575376869091e-02,6.001605775976561613e-02,1.452747332956192544e-02,2.992469306458066941e-02,9.613208687952505549e-03,3.035110625211667745e-02,4.229216149362413635e-02,1.186338204427124648e-01,-7.003251581592066441e-03,7.534175564188551506e-03,7.173102240055687084e-02,-3.229666808586619670e-02,2.232382390779098433e-02,1.458371712718988487e-02,-1.142341400138383208e-02,4.071193816480044025e-02,2.727112131618566332e-02,2.913287598025318149e-03,-6.883097955425635656e-03,-4.439517899776399684e-03,-1.130169497311970389e-02,-4.106315915474423317e-02,1.108609438417959558e-02,-2.660907494189971093e-02,7.559752479321376305e-03,9.617876480910217060e-03,1.664016375029936379e-02,4.653763973072361226e-02,1.080253432363171770e-02,-2.688949128282687798e-02,-9.211660414369039068e-03,-2.620635072988718433e-03,6.445586080449879941e-04,-9.933980355278019050e-03,4.297061977182122655e-02,2.201255402316034185e-02,4.916058837053961794e-02,4.933867984511450255e-02,-3.043398795765096462e-02,-1.719388058205932601e-02,1.526465620476992989e-03,-1.880239626294656977e-02,3.821633069350881956e-02,-4.836128078889005005e-03,1.196754296396946270e-02,2.977980140009847676e-02,-2.590591077218147922e-02,1.289905557529680627e-02,1.432640507134176969e-02,-5.166976644439187660e-05,1.443815210750393034e-03,2.570055836507130140e-02,1.313843674112985700e-02,-1.129292426553012325e-02,-1.002635301462882420e-02,-1.790514382742672272e-02,2.615901464347840030e-02,1.104246366714823312e-02,1.435952045113070806e-02,3.499746687238858289e-02,2.301160724392171605e-02,-2.559899004763320409e-03,3.046912362554978371e-03,-2.726057978597836232e-02,2.680919421308733744e-02,-9.872033022286969689e-03,-3.295488685482707986e-02,7.896781035556570127e-02,-3.295708044480563648e-02,-6.896147775339472354e-03,-2.227841431712586709e-02,3.692177970486513246e-03,-2.950527852815530705e-02,5.976579410772783069e-03,-3.302071425256057429e-04,-6.972384280508447073e-03,4.028500811932344411e-02,-1.157729212237232179e-02,7.096513355389491096e-04,-2.762763678916988278e-02,3.539570420357142236e-04,-3.669439654566934716e-02,9.301656991375417682e-03,-1.571068186693610341e-02,2.684545417197748904e-02,1.820824557060646276e-02,1.063171968061916300e-02,-3.077638736687224319e-02,3.698748776271771482e-02,-1.658805701228360449e-02,3.802540352042069888e-02,1.199450528066046094e-02,-1.307363071310046164e-02,-1.724039006161741383e-02,5.197478966326845098e-03,2.239794051774753568e-03
-2.087904908149910282e-02,1.936890488042054131e-02,2.165182495403310606e-02,-9.097077438412407360e-03,1.863319959915792079e-02,1.260262340320855157e-01,8.512817212553799862e-02,1.356002171435817007e-02,-2.825489660275639844e-02,-3.561195764334848524e-02,-2.202170256965349428e-03,3.488862592384965600e-02,2.282262840729853536e-03,6.483710851462128055e-02,4.919649220069393508e-02,-2.531671624988865790e-02,-1.446868699880957676e-01,9.625401373137115399e-03,2.827678594049592292e-02,8.467084044116779395e-02,1.566937576631791118e-02,8.014758443782510344e-02,-5.748369667903720920e-02,4.933364201897491585e-02,-1.790326467447635184e-02,-1.895562519376216282e-02,1.002025116385594633e-01,1.070935768961066639e-02,1.683761114558416649e-01,-3.048582026727649635e-02,-5.880249563059455897e-02,1.165605113616356991e-01,-6.091924193247249403e-02,-2.008584351650410244e-02,4.155176501121815580e-02,-7.812438538816709674e-03,-6.678204637366992602e-02,-5.747894146354742134e-02,1.220580491973752985e-01,-1.291706898655985425e-01,-9.429013613409832628e-02,-1.379923886494727539e-02,-4.516486403977690994e-02,-7.770670682492941683e-02,6.749208375398299542e-02,1.002565922525649588e-03,-3.394156151489013951e-02,-7.676132426249684948e-02,3.882103128517978841e-02,3.835237851491500594e-02,8.275723598364972608e-03,-2.420239474125534737e-02,-4.758952436696633342e-02,3.849016642621721357e-02,-1.403211714107733404e-02,2.142277521757003991e-02,-2.561736966064854636e-03,5.678548613693831099e-02,2.910467223358591607e-02,-5.948064970649487304e-02,-4.106230767773354218e-02,5.488980364412534944e-03,1.073684996963123472e-01,2.085123112849839033e-02,-2.598891732644099950e-02,7.641246480288415785e-03,2.702406786052322096e-02,-7.591616331271615337e-02,1.137450698639009550e-01,3.494464080915481163e-02,3.408904583444970215e-02,3.437451572854068049e-02,-1.862769328948877742e-02,3.089385616915371266e-02,-1.009306440848642267e-01,-4.529692257058458293e-02,1.396682216122769812e-02,5.133428225014771695e-02,4.991194721514888993e-02,6.388090654084865871e-02,1.354621342830134578e-01,4.117634351746298632e-02,-5.726767850376710683e-02,-7.381507113395875674e-02,3.788024953241952899e-03,-7.762426541404231217e-02,-5.173484305543214062e-02,-8.226713369090169967e-03,-6.300596525330831588e-02,1.323221208856801244e-02,2.111226852206395457e-02,-1.345813436810909536e-01,8.011308412928469513e-02,-7.524082821026464862e-02,6.038032300472817582e-02,-6.191932467989888847e-03,-6.331970779822696134e-03,-4.442610260087169471e-02,-2.317255145856106022e-02,8.475595857280758538e-02
1.109059119726548207e-02,-2.347675515251251843e-02,-1.808146244809654551e-02,-7.412802380074210405e-03,-2.211266891242131064e-02,-8.090817367284318384e-02,-6.720508549773178408e-02,2.746879146518145520e-03,2.083252723287107658e-02,3.103814781635029496e-02,1.545853044460507135e-02,1.215628594258955910e-03,-8.297459516873953445e-03,-4.727137768943221602e-02,-2.549769808490214354e-02,1.581920347548827419e-02,1.199218062191547279e-01,-7.611519478627047468e-03,-2.982081234496940236e-02,-5.744927062175001625e-02,-7.917274473235104719e-04,-5.783973850444691645e-02,4.450276544496615388e-02,-2.946259657741203894e-02,1.039346927533022977e-02,5.024377183128207920e-03,-7.610170731744282657e-02,-9.706646592055894959e-03,-1.265783697527592955e-01,3.124617138410548320e-02,3.537985717193334323e-02,-8.389828272472760196e-02,5.084900561661879342e-02,7.932366794245930899e-03,-3.665771151452983101e-02,6.172031076455236805e-03,4.645390944065420219e-02,3.609794601041726309e-02,-8.795509094117157090e-02,1.198849774183974731e-01,7.100433153614896242e-02,2.632759300397582297e-02,2.562328705222010478e-02,6.110038380999410074e-02,-4.817782109835491017e-02,-6.899338558065253382e-03,3.042639015389714957e-02,6.184693136618865661e-02,-2.942030523217207053e-02,-2.400776049851250163e-02,-5.203020264677262786e-03,2.217940870944698495e-02,3.893318985510173941e-02,-2.945222292351171861e-02,1.095647333987342931e-02,-1.289467475269369390e-02,1.354413127127775292e-02,-5.263587864037963526e-02,-1.876186289382810249e-02,4.208837644164913766e-02,2.427027303598358263e-02,-5.042051254580477877e-03,-8.193741105027355087e-02,-9.802563453840680563e-03,1.966995668612514167e-02,-1.404789741374362459e-02,-2.114116647614703443e-02,4.280577573075677184e-02,-7.400914886386140978e-02,-2.187774587718775351e-02,-4.295722051995395918e-02,-9.731437772249718066e-03,1.248922489200106692e-02,-2.423335778133188512e-02,7.181351318333770162e-02,3.612261624811807792e-02,-1.078860747060500329e-02,-3.627204388255998724e-02,-3.888675828842672044e-02,-3.816011161858567924e-02,-9.036562442954566843e-02,-3.711791543585560293e-02,4.700865032298174456e-02,4.921564657093650819e-02,-1.102222128485175982e-03,5.726542738157090057e-02,4.367077478236233018e-02,1.605337534520380732e-03,5.040093098953772610e-02,-9.080856521268750384e-03,-5.328238663209525390e-03,9.861746690755861244e-02,-5.587844961071951333e-02,5.198967482322204570e-02,-4.513766642102064186e-02,8.153710975338434794e-03,-2.081747213376802016e-03,3.006527849631049701e-02,1.656771348158160920e-02,-6.205498440794495613e-02
-9.775406488584457987e-03,-1.797518469554354459e-02,-3.203142027070767471e-03,-4.818310949907219504e-02,1.228864628835591756e-02,-9.067105765072183340e-03,-3.448115084323934848e-02,2.526254064601954688e-02,-1.631498930384121457e-02,-2.139621148052956237e-02,1.199354771948993141e-02,-2.333171191054085256e-02,-2.407357759262905919e-02,-1.154677248857967874e-03,-3.965183636972923614e-02,2.786042173451019899e-02,2.228928375758513353e-02,-2.204269798224731819e-02,-2.739339552681398574e-02,-2.256689850842613643e-02,1.896336076441696578e-02,1.057563551338140499e-02,1.466930262451366859e-02,4.685919312479064347e-02,-5.048679484653984407e-04,9.294881743010453140e-03,-1.670440865265819877e-02,2.893526909181651924e-02,-5.907763553601112771e-03,2.864199153478481571e-02,-7.035484607743343333e-02,-4.258271807956089117e-02,9.263684629101584522e-03,7.113079504982987734e-05,-1.391993223355460045e-02,4.985820516165213184e-03,-2.207297102298206790e-02,-2.436573413689092221e-02,-3.705591542228439672e-02,8.307776351048613839e-02,-7.066009335144721182e-02,1.291391474272331544e-02,-1.661320426539836638e-03,3.570272025793133630e-02,1.292613271566412682e-02,-5.378133648891433860e-03,-2.901885333054153582e-02,2.597533569852377919e-02,-1.686312419833856102e-02,-1.568091247281025100e-02,4.166721832068630282e-02,1.848769699342114707e-03,-5.057332979730507980e-03,-1.527891254594167334e-03,-3.036650025675935449e-04,-1.876764152671664063e-02,4.145188154128779529e-02,-3.391729472883459051e-02,3.087945208566834909e-02,9.832033170406142761e-03,-7.168629534480717991e-02,-1.999353805710728932e-02,-2.339127444926850791e-02,-1.804977386941281764e-02,-3.218220003182407918e-02,-3.900624023916627464e-02,-7.764363624921341925e-03,-3.753189797487991447e-02,2.495735302494353144e-02,3.739293783371872709e-02,-4.233560660057958391e-02,-2.634218881279682192e-02,3.772167679398452655e-02,5.289626738050502187e-03,7.398922126149285079e-03,4.259465074765648139e-03,4.011565632205223858e-02,5.020763887766048310e-03,-5.193962810341208949e-03,6.233625757631734016e-02,6.574914472181361998e-03,-1.445177945509320237e-02,1.781968369183561593e-02,4.213592772812441156e-03,8.605741828816569280e-03,4.350237820449104342e-02,1.020329295474448929e-02,-1.879191584495087204e-03,-2.359967782134963013e-02,-2.060499707977249406e-02,4.006672548960164143e-02,2.610568014380248644e-02,-2.705254175134654340e-02,-2.475433057791710627e-03,-5.014442197509826754e-02,1.104646792292282922e-03,-1.717194168739740248e-02,5.682490614915026994e-03,-1.229460058790761944e-02,7.774192145077866468e-03
-7.133345877340338537e-03,-1.045595006576568141e-02,-9.419445756768990603e-04,-4.101303925398770006e-02,2.408960592995786076e-02,-2.124416815501660796e-02,-3.366651799815400387e-02,1.576855133296917177e-02,-1.972902629368397318e-02,-3.114449013682689393e-02,-1.331049993946172710e-03,-5.647193431833454763e-02,-2.083275647428435573e-02,-5.541255446149480129e-04,-5.736957089926125741e-02,3.526936804836128952e-02,8.336274660632204611e-03,-2.505924232370802113e-02,-2.155217569748855630e-02,-3.015589803069922484e-02,1.062984709030781114e-02,1.272490644194665919e-02,1.361041553453027665e-02,4.831816307539042038e-02,2.136588129461984998e-03,2.041459979323187457e-02,-1.496621950834338931e-02,3.615272064395610302e-02,-6.141075881216042807e-04,2.319380357668159032e-02,-7.488062955181529201e-02,-4.967617180991600045e-02,2.972288785998543174e-03,7.278513186225822433e-03,-8.747255314639452300e-03,5.219609546302000219e-03,-2.421621607303371324e-02,-2.282648646823615818e-02,-4.307642493638500630e-02,6.727451569600007009e-02,-8.648901644783836551e-02,-3.072010222067487247e-03,5.597053693156767498e-03,3.595924921363702342e-02,1.484149432597370137e-02,5.487643851635778773e-04,-4.073055402746702386e-02,2.297719008881375299e-02,-1.804850932122792351e-02,-2.229170847977623993e-02,4.801938346243780215e-02,-3.159117288689270320e-03,-1.121245656973885590e-02,2.248453259289901970e-04,-1.333919384820582551e-03,-2.475450770408534756e-02,3.560644172483749814e-02,-2.659640202568216982e-02,3.382742292453629063e-02,1.220782093902094551e-02,-7.824564187570090534e-02,-2.221348330779395960e-02,-2.203791938718159191e-02,-2.688691101564306268e-02,-3.884198711657881053e-02,-3.622531898390997374e-02,-7.172386998286853568e-03,-3.101816424212365877e-02,2.076346559612984866e-02,4.026764508030245687e-02,-2.912646831369445841e-02,-4.745197210780160990e-02,4.519497136902545648e-02,8.476300736443688130e-03,9.394091791208775827e-03,9.992324826818435677e-04,4.786369242193936474e-02,5.237240230536953020e-03,-2.703653932561326644e-03,6.452183315001931707e-02,6.496609617261409010e-05,-8.561422594374182640e-03,1.435222977574971900e-02,9.131315361015851853e-03,8.293271583295944160e-03,4.928825314593366508e-02,4.721410242211354809e-03,2.566931372916764036e-03,-3.338888580334155309e-02,-2.461631607248594006e-02,3.606245073347932872e-02,2.838845429164154818e-02,-3.352677953300538249e-02,-6.499566871363188008e-04,-5.679318022638312619e-02,-2.817206778332563815e-03,-1.277769297753517282e-02,8.690877886914414804e-03,-1.433374381743457437e-02,1.044665487072812468e-02
-1.809447585803815230e-03,-2.584136896404055569e-02,-1.192682883386035619e-02,-1.749262812024584765e-02,-3.732870267032160211e-02,3.244324020921079141e-04,-2.474582729657123434e-02,2.263720902081119146e-02,1.677128204743592171e-02,3.611712287114627468e-02,3.727867386980445591e-02,8.192540109374497892e-02,-9.595916912668785506e-03,-1.871013841309813672e-02,3.567642266507448784e-02,-1.363364968312973276e-02,7.651908209735371058e-02,5.695212875606515956e-03,-2.359863070200209079e-02,-1.465427507212723910e-03,1.886886065504740986e-02,-2.695967647007633042e-02,1.808142133595984358e-02,-1.683621917773218263e-02,-2.560028844158864121e-03,-2.557728827583897330e-02,-3.119336630686786460e-02,-2.257916012738336864e-02,-5.887168252878133973e-02,2.310242511085528611e-02,2.768730548328372787e-02,-1.128252823909932714e-02,3.336352143437251727e-02,-1.454630384529407953e-02,-2.520668251631423551e-02,1.428062530195887969e-03,2.338977980455482844e-02,1.080360058197927207e-02,-1.566236859600401640e-02,7.772826271356073069e-02,6.811895225469968840e-02,4.765418462852775289e-02,-8.095781503229912413e-03,1.985069035562768425e-02,-2.297963030827830308e-02,-1.658807897752668375e-02,4.105467410256304073e-02,2.852465056599169657e-02,-7.005135135210000322e-03,8.048973291539113228e-03,-1.951652673432595700e-02,2.015022791518282855e-02,2.943541753228203980e-02,-1.495136471028041952e-02,6.524398896254362222e-03,1.077518382943334734e-02,1.689264808791709691e-02,-3.518972108670059135e-02,-1.566463329697933768e-02,9.140943704425539065e-03,2.861169375339109311e-02,4.598261511548180740e-03,-3.204141428396448110e-02,1.876983731664871521e-02,2.505315079353333252e-02,-9.789246267995915102e-03,-8.762344517093135707e-03,1.923524943684104625e-03,-1.829756167734531563e-02,-1.697773376110661009e-02,-4.544792183731419244e-02,4.895133951624536933e-02,-1.553768365052555535e-02,-1.687610192642463938e-02,2.108269425702960151e-02,2.089829761115399864e-02,-2.485901604271603324e-02,-1.408149563555691729e-02,-1.999696095684181871e-02,-2.261081030914153037e-02,-1.769801829557870673e-02,-2.708423948127360037e-02,2.466165674978846103e-02,5.899209795166894012e-03,-1.083720786168936874e-04,4.641734036788781013e-03,2.872362987967377879e-02,-1.007494711516597995e-02,4.342790851798422613e-02,7.488169955547259622e-03,5.595539622000344528e-03,2.920400940443843019e-02,-3.348398100222891010e-03,1.475994628367948043e-02,2.246144634800249958e-03,1.242249944442288569e-02,-1.048086648883490152e-02,3.427047220482784713e-03,1.166494278919859816e-02,-2.962048088339142363e-02
-2.361914679849711277e-02,-4.490843751658947502e-02,-8.977278339210852109e-03,-5.626470087770447936e-02,-6.524209699683468366e-02,1.054842772006188284e-01,9.884056352053579436e-03,6.702161004198245453e-02,1.037796982308992685e-02,4.638776101150491465e-02,8.380145948541919965e-02,2.079711239165240311e-01,-2.425246723358908188e-02,1.277753949105396927e-02,1.135073953256920537e-01,-4.638401554964820261e-02,5.305564256183223359e-02,1.652456564111676879e-02,-3.422007072136902528e-02,6.386475326394304430e-02,5.914416551399205579e-02,9.596172926902268516e-03,-5.305323028267560845e-03,1.331004672327450178e-02,-2.095563248467481945e-02,-7.135005744193034793e-02,1.172005653427586787e-02,-3.570496308178192774e-02,9.630914508901692456e-03,3.148950917211592454e-02,-1.692830819763194161e-03,6.494732898561410284e-02,2.487515595330734575e-02,-4.947171283105784856e-02,-2.393818804693523955e-02,-2.432119498910987124e-03,-8.537333963865873648e-03,-2.924853875840500994e-02,6.089591261443180747e-02,8.084194210835889127e-02,5.859310545866308617e-02,9.736323444876408828e-02,-5.660068693059415457e-02,-1.430795056757870262e-02,8.253491416341266970e-03,-3.727853499097379120e-02,5.733270986382951739e-02,3.959031050155780579e-03,1.384663471654625985e-02,4.732276585939569624e-02,-2.841230283899071063e-02,2.493021628063236614e-02,2.454740436249830751e-02,-1.170702806019613493e-03,2.656574943193070609e-03,3.849454361140921405e-02,4.374238523556034375e-02,-3.730393989419805711e-02,-4.319530539886131705e-03,-2.792404099038780715e-02,1.510847092583165671e-02,1.097974903260465901e-02,1.456688257767850200e-02,5.601736292416336499e-02,2.767656700479501075e-02,-2.309353749227866653e-02,1.737866296921759986e-03,-6.727071417593792624e-02,6.018727579673473216e-02,-1.034339490067511316e-03,-8.107179228476205091e-02,1.332606756865163389e-01,-4.304247531100603708e-02,-1.055161908273744356e-02,-3.676059458000954100e-02,9.242810704973311239e-03,-3.584462995502361166e-02,1.292082998368732603e-02,-3.511062676013958044e-03,1.575149635028333037e-02,7.626816389357081449e-02,-2.855582386305383080e-02,1.020154158779682310e-02,-4.839249900467114396e-02,4.654390294710578427e-03,-4.668845595005273463e-02,2.245652892112811466e-02,-2.983818061569435201e-02,3.913127025503471135e-02,2.386333996738248045e-02,3.823973077108595853e-02,-4.337903497529729813e-02,5.492088241753352584e-02,-3.111461801954603507e-02,4.619417476515180754e-02,2.274178512607303790e-02,-3.215390147213673111e-02,-2.878175778402099552e-02,4.055574409590641076e-03,6.994886228224262044e-03
9.906841105958321542e-03,-3.180272473062972088e-03,-7.115948047757303732e-03,-9.613594744588740970e-03,2.639541692065044964e-02,-9.432648704874138645e-02,-6.070690724288525797e-02,-1.251200394499720620e-02,-4.831803832066019350e-03,-1.929924931158145951e-02,-2.234374393968393754e-02,-1.086772313427041003e-01,-8.859984888312685131e-03,-3.030942133183148895e-02,-8.998418194987831131e-02,4.707084755851652369e-02,5.080932118374259510e-02,-2.564600121836056734e-02,-1.733487662882589667e-02,-7.247620012300279302e-02,-1.482512943846186690e-02,-2.655418133090784588e-02,3.432760807418701321e-02,9.642629013450053355e-03,1.438192727701558503e-02,4.086094312985222299e-02,-5.444772472712275380e-02,3.009885828047625250e-02,-7.186691917414791964e-02,2.009969472713070762e-02,-2.720860181419732654e-02,-9.929061325725117848e-02,2.034581448251343225e-02,2.642273774615542734e-02,-1.666112164297609000e-02,7.448486721953240068e-03,1.286862513171093021e-02,1.554042325605855743e-02,-9.590225749929801036e-02,7.776335667342440527e-02,-3.676934613637324045e-02,-2.241506174827277362e-02,3.741969964440115815e-02,6.043298724659342674e-02,-1.955778861093041346e-02,9.900149001921541500e-03,-2.951865362424494280e-02,4.621419051408379164e-02,-3.203381902518263186e-02,-4.369081943510617905e-02,3.734685964624879367e-02,1.077062305809074402e-03,5.184180742111776583e-03,-1.527787950941196342e-02,4.111114905796478536e-03,-3.611442567629490064e-02,1.398498549634893950e-02,-3.165889174707243320e-02,1.260674738898657707e-02,4.020163679016804104e-02,-4.126544395270333176e-02,-2.051142316995199430e-02,-6.302133339037778448e-02,-4.202150683234939788e-02,-2.356692389601129645e-02,-2.199125716386508486e-02,-1.647098866326162508e-02,2.755456808698155541e-02,-4.822408730983110403e-02,1.379032887968337923e-02,-1.246175432143897116e-02,-8.233417849114242626e-02,5.029915576156709922e-02,-3.972752417961267560e-03,5.756836775062004058e-02,1.675719408944677247e-02,3.689132556188703255e-02,-2.082443122395140345e-02,-2.134912740146288970e-02,1.423191369572261028e-02,-7.568658935175934244e-02,-1.514903758191569506e-02,3.062040614602930949e-02,4.939363866463686303e-02,2.937943130484951988e-03,7.823088903126776406e-02,1.844109356992040816e-02,1.308715130984175294e-02,-7.710104382530931152e-03,-2.877063988527811186e-02,6.081613475787412543e-03,8.621475224795507875e-02,-7.055704300869276857e-02,3.861881330707742088e-02,-7.622830564612179116e-02,-5.471274848651648884e-03,2.331764375928045696e-03,3.184296956687164559e-02,-1.500422637278937040e-03,-2.931970746399445438e-02
